slug,title,issue,link_text,href,normalized_href,link_type
10-best-surf-spots-in-bali,10 Best Surf Spots in Bali,MISSING_IN_SANITY,Bali’s wet season,https://rapturecamps.com/surf-bali-rainy-season,/surf-bali-rainy-season,internal
10-biggest-waves-ever-surfed,History Makers: 10 Biggest Waves Ever Surfed,MISSING_IN_SANITY,Luis Ascenso,https://www.flickr.com/photos/107521854@N05/,https://www.flickr.com/photos/107521854@n05,external
10-biggest-waves-ever-surfed,History Makers: 10 Biggest Waves Ever Surfed,MISSING_IN_SANITY,BirdsEyePix,https://www.flickr.com/photos/38534720@N00/,https://www.flickr.com/photos/38534720@n00,external
10-biggest-waves-ever-surfed,History Makers: 10 Biggest Waves Ever Surfed,MISSING_IN_SANITY,UltraView,https://www.flickr.com/photos/69658016@N03/,https://www.flickr.com/photos/69658016@n03,external
10-biggest-waves-ever-surfed,History Makers: 10 Biggest Waves Ever Surfed,MISSING_IN_SANITY,Chris Hoare,https://www.flickr.com/photos/u07ch/,https://www.flickr.com/photos/u07ch,external
10-fun-things-to-do-in-costa-rica,10 Unique and Incredibly Fun Things To Do In Costa Rica,MISSING_IN_SANITY,Costa Rica is a surfer’s dream,https://www.rapturecamps.com/9-tips-to-help-you-plan-the-perfect-surf-trip-to-costa-rica/,/9-tips-to-help-you-plan-the-perfect-surf-trip-to-costa-rica,internal
10-fun-things-to-do-in-costa-rica,10 Unique and Incredibly Fun Things To Do In Costa Rica,MISSING_IN_SANITY,surfing holiday in Costa Rica,https://www.rapturecamps.com/blog/top-5-surf-spots-in-playa-avellanas-costa-rica/,/blog/top-5-surf-spots-in-playa-avellanas-costa-rica,internal
10-fun-things-to-do-in-costa-rica,10 Unique and Incredibly Fun Things To Do In Costa Rica,MISSING_IN_SANITY,having a primo coffee region though,https://www.rapturecamps.com/learn-to-surf-in-costa-rica-9-epic-reasons-why-you-should-go-right-now/,/learn-to-surf-in-costa-rica-9-epic-reasons-why-you-should-go-right-now,internal
10-fun-things-to-do-in-costa-rica,10 Unique and Incredibly Fun Things To Do In Costa Rica,MISSING_IN_SANITY,froth out like a grommet,https://www.rapturecamps.com/surf-camp-and-surf-lessons-in-costa-rica-everything-you-need-to-know/,/surf-camp-and-surf-lessons-in-costa-rica-everything-you-need-to-know,internal
10-fun-things-to-do-in-costa-rica,10 Unique and Incredibly Fun Things To Do In Costa Rica,MISSING_IN_SANITY,for surfers of all skill levels,https://www.rapturecamps.com/how-to-improve-your-surfing-in-6-easy-steps/,/how-to-improve-your-surfing-in-6-easy-steps,internal
10-fun-things-to-do-in-costa-rica,10 Unique and Incredibly Fun Things To Do In Costa Rica,MISSING_IN_SANITY,in addition to unbelievable waves,https://www.rapturecamps.com/5-of-the-best-beginner-surf-beaches-in-costa-rica/,/5-of-the-best-beginner-surf-beaches-in-costa-rica,internal
10-fun-things-to-do-in-costa-rica,10 Unique and Incredibly Fun Things To Do In Costa Rica,MISSING_IN_SANITY,surf vacation to Costa Rica,https://www.rapturecamps.com/planning-a-surf-trip-to-the-tropics-here-are-10-essentials-you-shouldnt-leave-home-without/,/planning-a-surf-trip-to-the-tropics-here-are-10-essentials-you-shouldnt-leave-home-without,internal
10-fun-things-to-do-in-costa-rica,10 Unique and Incredibly Fun Things To Do In Costa Rica,EXTRA_IN_SANITY,Costa Rica is a surfer’s dream,/blog/9-tips-to-help-you-plan-the-perfect-surf-trip-to-costa-rica,/blog/9-tips-to-help-you-plan-the-perfect-surf-trip-to-costa-rica,internal
10-fun-things-to-do-in-costa-rica,10 Unique and Incredibly Fun Things To Do In Costa Rica,EXTRA_IN_SANITY,surfing holiday in Costa Rica,/blog/top-surf-spots-around-playa-avellanas-costa-rica,/blog/top-surf-spots-around-playa-avellanas-costa-rica,internal
10-fun-things-to-do-in-costa-rica,10 Unique and Incredibly Fun Things To Do In Costa Rica,EXTRA_IN_SANITY,having a primo coffee region though,/blog/9-reasons-to-learn-to-surf-in-costa-rica,/blog/9-reasons-to-learn-to-surf-in-costa-rica,internal
10-fun-things-to-do-in-costa-rica,10 Unique and Incredibly Fun Things To Do In Costa Rica,EXTRA_IN_SANITY,froth out like a grommet,/blog/surf-camp-and-surf-lessons-in-costa-rica-everything-you-need-to-know,/blog/surf-camp-and-surf-lessons-in-costa-rica-everything-you-need-to-know,internal
10-fun-things-to-do-in-costa-rica,10 Unique and Incredibly Fun Things To Do In Costa Rica,EXTRA_IN_SANITY,for surfers of all skill levels,/blog/how-to-improve-your-surfing-in-6-easy-steps,/blog/how-to-improve-your-surfing-in-6-easy-steps,internal
10-fun-things-to-do-in-costa-rica,10 Unique and Incredibly Fun Things To Do In Costa Rica,EXTRA_IN_SANITY,in addition to unbelievable waves,/blog/5-of-the-best-beginner-surf-beaches-in-costa-rica,/blog/5-of-the-best-beginner-surf-beaches-in-costa-rica,internal
10-fun-things-to-do-in-costa-rica,10 Unique and Incredibly Fun Things To Do In Costa Rica,EXTRA_IN_SANITY,surf vacation to Costa Rica,/blog/planning-a-surf-trip-to-the-tropics-10-essentials-you-shouldnt-forget,/blog/planning-a-surf-trip-to-the-tropics-10-essentials-you-shouldnt-forget,internal
10-things-to-do-playa-avellanas-costa-rica,"10 Things to Do in Playa Avellanas, Costa Rica",MISSING_IN_SANITY,Tamarindo,https://www.rapturecamps.com/what-to-see-in-tamarindo-costa-rica-rapture-surfcamps/,/what-to-see-in-tamarindo-costa-rica-rapture-surfcamps,internal
5-best-surfers,Icons of the Ocean: Profiles of 5 Legendary Surfers,MISSING_IN_SANITY,Vince Basile,https://www.flickr.com/photos/66480811@N07/,https://www.flickr.com/photos/66480811@n07,external
5-best-surfers,Icons of the Ocean: Profiles of 5 Legendary Surfers,MISSING_IN_SANITY,Troy_Williams,https://www.flickr.com/photos/troy_williams/,https://www.flickr.com/photos/troy_williams,external
5-best-surfers,Icons of the Ocean: Profiles of 5 Legendary Surfers,MISSING_IN_SANITY,Eva Rinaldi,https://www.flickr.com/photos/evarinaldiphotography/,https://www.flickr.com/photos/evarinaldiphotography,external
5-best-surfers,Icons of the Ocean: Profiles of 5 Legendary Surfers,MISSING_IN_SANITY,Global Sports Forum,https://www.flickr.com/photos/globalsportsforum/,https://www.flickr.com/photos/globalsportsforum,external
6-of-the-best-tips-for-beginner-surfers,6 of the Best Tips for Beginner Surfers,MISSING_IN_SANITY,learning to surf in a beautiful destination,https://www.rapturecamps.com/surfcamp/costa-rica/avellanas/surf/,/surfcamp/costa-rica/avellanas/surf,internal
7-biggest-waves-in-the-world,7 of The Biggest Waves in the World,MISSING_IN_SANITY,BirdsEyePix,https://www.flickr.com/photos/38534720@N00/,https://www.flickr.com/photos/38534720@n00,external
7-biggest-waves-in-the-world,7 of The Biggest Waves in the World,MISSING_IN_SANITY,UltraView,https://www.flickr.com/photos/69658016@N03/,https://www.flickr.com/photos/69658016@n03,external
7-biggest-waves-in-the-world,7 of The Biggest Waves in the World,MISSING_IN_SANITY,Chris Hoare,https://www.flickr.com/photos/u07ch/,https://www.flickr.com/photos/u07ch,external
7-biggest-waves-in-the-world,7 of The Biggest Waves in the World,MISSING_IN_SANITY,John Menard,https://www.flickr.com/photos/jmenard48/,https://www.flickr.com/photos/jmenard48,external
7-of-the-weirdest-waves-around-the-world-and-where-to-find-them,7 Weirdest Waves To Surf around the Globe – Where are they?,MISSING_IN_SANITY,playful ocean waves,https://www.rapturecamps.com/surfcamp/portugal/ericeira-lizandro/surf/,/surfcamp/portugal/ericeira-lizandro/surf,internal
7-of-the-weirdest-waves-around-the-world-and-where-to-find-them,7 Weirdest Waves To Surf around the Globe – Where are they?,MISSING_IN_SANITY,African Budget Safaris,https://l.facebook.com/l.php?u=https%3A%2F%2Fwww.africanbudgetsafaris.com%2F%3Ffbclid%3DIwAR3l5b1cRvKeJ4_TsmAPH4QkxvXSBjaWdmlWLreebhM0njrqtLyFjgWMSyU&h=AT0fAHnE34_MwDT208-KkqUjcVoYvizY_7sJyykIyiKi98RZcG2OAjizYjvO-n-tgmSQA_KR8L5SSKmk9SrzZHxMqKJL-LiLJfTlSHO28s5fMYTNZNvfqF_jwzXhtpy7pzCDyodiU6vNXCF3Y1YDmuPCwwg,https://l.facebook.com/l.php,external
7-of-the-weirdest-waves-around-the-world-and-where-to-find-them,7 Weirdest Waves To Surf around the Globe – Where are they?,EXTRA_IN_SANITY,playful ocean waves,/surfcamp/portugal/ericeira-lizandro,/surfcamp/portugal/ericeira-lizandro,internal
7-ways-to-stay-in-shape-when-youre-not-surfing,7 Ways To Stay Fit When You’re Not Surfing,MISSING_IN_SANITY,learning to surf,https://www.rapturecamps.com/should-i-book-a-surf-camp-or-a-surf-school/,/should-i-book-a-surf-camp-or-a-surf-school,internal
7-ways-to-stay-in-shape-when-youre-not-surfing,7 Ways To Stay Fit When You’re Not Surfing,EXTRA_IN_SANITY,learning to surf,/blog/should-i-book-a-surf-camp-or-a-surf-school,/blog/should-i-book-a-surf-camp-or-a-surf-school,internal
9-tips-to-help-you-plan-the-perfect-surf-trip-to-costa-rica,9 Expert Tips for a Memorable Surf Trip in Costa Rica,MISSING_IN_SANITY,flexible pricing options,https://www.rapturecamps.com/costa-rica-surfcamp/,/costa-rica-surfcamp,internal
9-tips-to-help-you-plan-the-perfect-surf-trip-to-costa-rica,9 Expert Tips for a Memorable Surf Trip in Costa Rica,MISSING_IN_SANITY,perfect surf trip to Costa Rica,https://www.rapturecamps.com/blog/learn-to-surf-in-costa-rica-9-epic-reasons-why-you-should-go-right-now/,/blog/learn-to-surf-in-costa-rica-9-epic-reasons-why-you-should-go-right-now,internal
9-tips-to-help-you-plan-the-perfect-surf-trip-to-costa-rica,9 Expert Tips for a Memorable Surf Trip in Costa Rica,MISSING_IN_SANITY,surf trip essentials,https://www.rapturecamps.com/blog/planning-a-surf-trip-to-the-tropics-here-are-10-essentials-you-shouldnt-leave-home-without/,/blog/planning-a-surf-trip-to-the-tropics-here-are-10-essentials-you-shouldnt-leave-home-without,internal
9-tips-to-help-you-plan-the-perfect-surf-trip-to-costa-rica,9 Expert Tips for a Memorable Surf Trip in Costa Rica,MISSING_IN_SANITY,our camp,https://www.rapturecamps.com/costa-rica-surfcamp/,/costa-rica-surfcamp,internal
9-tips-to-help-you-plan-the-perfect-surf-trip-to-costa-rica,9 Expert Tips for a Memorable Surf Trip in Costa Rica,MISSING_IN_SANITY,stunning Central American country,https://www.rapturecamps.com/blog/learn-to-surf-in-costa-rica-9-epic-reasons-why-you-should-go-right-now/,/blog/learn-to-surf-in-costa-rica-9-epic-reasons-why-you-should-go-right-now,internal
9-tips-to-help-you-plan-the-perfect-surf-trip-to-costa-rica,9 Expert Tips for a Memorable Surf Trip in Costa Rica,EXTRA_IN_SANITY,flexible pricing options,/surfcamp/costa-rica,/surfcamp/costa-rica,internal
9-tips-to-help-you-plan-the-perfect-surf-trip-to-costa-rica,9 Expert Tips for a Memorable Surf Trip in Costa Rica,EXTRA_IN_SANITY,perfect surf trip to Costa Rica,/blog/9-reasons-to-learn-to-surf-in-costa-rica,/blog/9-reasons-to-learn-to-surf-in-costa-rica,internal
9-tips-to-help-you-plan-the-perfect-surf-trip-to-costa-rica,9 Expert Tips for a Memorable Surf Trip in Costa Rica,EXTRA_IN_SANITY,surf trip essentials,/blog/planning-a-surf-trip-to-the-tropics-10-essentials-you-shouldnt-forget,/blog/planning-a-surf-trip-to-the-tropics-10-essentials-you-shouldnt-forget,internal
9-tips-to-help-you-plan-the-perfect-surf-trip-to-costa-rica,9 Expert Tips for a Memorable Surf Trip in Costa Rica,EXTRA_IN_SANITY,our camp,/surfcamp/costa-rica,/surfcamp/costa-rica,internal
9-tips-to-help-you-plan-the-perfect-surf-trip-to-costa-rica,9 Expert Tips for a Memorable Surf Trip in Costa Rica,EXTRA_IN_SANITY,stunning Central American country,/blog/9-reasons-to-learn-to-surf-in-costa-rica,/blog/9-reasons-to-learn-to-surf-in-costa-rica,internal
awayco-light-gearless-travelling,Premium Surf Rental now in Bali,MISSING_IN_SANITY,FIND YOUR GEAR,https://awayco.com/products,https://awayco.com/products,external
bali-for-digital-nomads,Why Bali Is The Perfect Destination For Digital Nomads,MISSING_IN_SANITY,Canggu,https://www.rapturecamps.com/surfcamp/bali/canggu/?campaignid=21528416633&adgroupid=&creative=&keyword=&matchtype=&device=c&utm_term=&utm_campaign=MaxPer+-+ACQ+-++CR+-+MaxC+-+WW+-+EN&utm_source=adwords&utm_medium=ppc&hsa_acc=9953689683&hsa_cam=21528416633&hsa_grp=&hsa_ad=&hsa_src=x&hsa_tgt=&hsa_kw=&hsa_mt=&hsa_net=adwords&hsa_ver=3&gad_source=1&gclid=Cj0KCQjw05i4BhDiARIsAB_2wfCB-zOddKuuY5EjUcXmV5oDjkOGmVX_4mrwUri8AxvuzDHgxlyj85waAo7KEALw_wcB,/surfcamp/bali/canggu,internal
bali-nyepi-the-islands-day-of-silence,Bali Nyepi: The Island’s Day Of Silence,MISSING_IN_SANITY,philyusenda,https://www.flickr.com/photos/yusenda1/,https://www.flickr.com/photos/yusenda1,external
bali-weather-a-month-by-month,Bali Weather: A Month-by-Month Guide For Surfers,MISSING_IN_SANITY,Weather and Climate,https://weatherandclimate.com/indonesia/bali,https://weatherandclimate.com/indonesia/bali,external
beach-hotels-in-costa-rica,Choosing the Perfect Surf Retreat: What to Look for in Beach Hotels in Costa Rica,MISSING_IN_SANITY,traditional Costa Rican dishes,https://www.rapturecamps.com/surfcamp/costa-rica/avellanas/food/,/surfcamp/costa-rica/avellanas/food,internal
beach-hotels-in-costa-rica,Choosing the Perfect Surf Retreat: What to Look for in Beach Hotels in Costa Rica,EXTRA_IN_SANITY,traditional Costa Rican dishes,/surfcamp/costa-rica/avellanas,/surfcamp/costa-rica/avellanas,internal
beach-signs-and-flags,Safety First: A Surfer’s Guide to Navigating Beach Signs and Flags,MISSING_IN_SANITY,Jason Crellin,https://www.flickr.com/photos/jasoncrellin/,https://www.flickr.com/photos/jasoncrellin,external
best-beginner-surf-spots-in-bali,The 7 Spots for Surfing in Bali for Beginners,MISSING_IN_SANITY,learn to surf,https://rapturecamps.com/blog/surf-tips-beginners-learn-to-surf,/blog/surf-tips-beginners-learn-to-surf,internal
best-beginner-surf-spots-in-bali,The 7 Spots for Surfing in Bali for Beginners,EXTRA_IN_SANITY,learn to surf,/blog/surf-tips-beginners,/blog/surf-tips-beginners,internal
best-eats-in-tamarindo,Savoring Tamarindo: A Surfers Guide To The Best Eats,MISSING_IN_SANITY,Seasons,https://www.seasonstamarindo.net/,https://www.seasonstamarindo.net,external
best-hangouts-in-tamarindo,"Sip, Surf, and Socialise: Best Hangouts in Tamarindo",MISSING_IN_SANITY,Lola’s,https://www.tripadvisor.com/Restaurant_Review-g1075571-d1542328-Reviews-Lola_s-Playa_Avellanas_Tamarindo_Province_of_Guanacaste.html,https://www.tripadvisor.com/restaurant_review-g1075571-d1542328-reviews-lola_s-playa_avellanas_tamarindo_province_of_guanacaste.html,external
best-places-to-eat-near-green-bowl,Local Flavours and Thrills: A Guide to the Area Around Green Bowl Surf Camp,MISSING_IN_SANITY,Mike Haller,https://www.flickr.com/photos/mhaller1979/,https://www.flickr.com/photos/mhaller1979,external
best-surf-bikinis,"Best Surf Bikinis: Comfort, Style, And Performance",MISSING_IN_SANITY,best surfing brands around,https://www.rapturecamps.com/blog/the-best-surf-clothing-brands-in-2024/,/blog/the-best-surf-clothing-brands-in-2024,internal
best-surf-bikinis,"Best Surf Bikinis: Comfort, Style, And Performance",EXTRA_IN_SANITY,best surfing brands around,/blog/the-best-surf-clothing-brands-in-2025,/blog/the-best-surf-clothing-brands-in-2025,internal
best-surfers-in-the-world,Who Are The Best Surfers In The World In 2025?,MISSING_IN_SANITY,Gadjo Niglo,https://www.flickr.com/photos/gadjodilo974/,https://www.flickr.com/photos/gadjodilo974,external
best-surfers-in-the-world,Who Are The Best Surfers In The World In 2025?,MISSING_IN_SANITY,Red Bull,https://www.redbull.com/,https://www.redbull.com,external
best-surfers-in-the-world,Who Are The Best Surfers In The World In 2025?,MISSING_IN_SANITY,2024 Paris Olympics,https://www.rapturecamps.com/surfing-at-the-2024-paris-olympics/,/surfing-at-the-2024-paris-olympics,internal
best-surfers-in-the-world,Who Are The Best Surfers In The World In 2025?,MISSING_IN_SANITY,world’s best surfers,https://www.rapturecamps.com/5-best-surfers/,/5-best-surfers,internal
best-surfers-in-the-world,Who Are The Best Surfers In The World In 2025?,EXTRA_IN_SANITY,2024 Paris Olympics,/blog/surfing-at-the-2024-paris-olympics,/blog/surfing-at-the-2024-paris-olympics,internal
best-surfers-in-the-world,Who Are The Best Surfers In The World In 2025?,EXTRA_IN_SANITY,world’s best surfers,/blog/5-best-surfers,/blog/5-best-surfers,internal
best-things-to-do-in-ericeira,"15 amazing things to do in Ericeira, Portugal",MISSING_IN_SANITY,Coxos,https://www.rapturecamps.com/surfcamp/portugal/ericeira-coxos-surf-villa/rooms/,/surfcamp/portugal/ericeira-coxos-surf-villa/rooms,internal
best-things-to-do-in-ericeira,"15 amazing things to do in Ericeira, Portugal",MISSING_IN_SANITY,surf school,https://rapturecamps.com/surfcamp/portugal/ericeira-lizandro/surf,/surfcamp/portugal/ericeira-lizandro/surf,internal
best-things-to-do-in-ericeira,"15 amazing things to do in Ericeira, Portugal",MISSING_IN_SANITY,bacalhau,https://www.rapturecamps.com/de/surfcamp/portugal/alentejo-milfontes/food/bacalhau-a-bras-kabeljau/,/de/surfcamp/portugal/alentejo-milfontes/food/bacalhau-a-bras-kabeljau,internal
best-things-to-do-in-ericeira,"15 amazing things to do in Ericeira, Portugal",EXTRA_IN_SANITY,Coxos,/surfcamp/portugal/ericeira-coxos-surf-villa,/surfcamp/portugal/ericeira-coxos-surf-villa,internal
best-things-to-do-in-ericeira,"15 amazing things to do in Ericeira, Portugal",EXTRA_IN_SANITY,bacalhau,/de/surfcamp/portugal/alentejo-milfontes,/de/surfcamp/portugal/alentejo-milfontes,internal
bingin-beach,"Bingin Beach, Bali: A Surfer’s Dream Playground",MISSING_IN_SANITY,Surf Video Bali,https://www.youtube.com/@SurfVideoBali,https://www.youtube.com/@surfvideobali,external
book-surf-camp,7 Reasons why booking a surf camp will be the best thing you ever do,MISSING_IN_SANITY,surfing brings people together,https://www.rapturecamps.com/10-things-playa-avellanas-costa-rica/,/10-things-playa-avellanas-costa-rica,internal
book-surf-camp,7 Reasons why booking a surf camp will be the best thing you ever do,MISSING_IN_SANITY,develop a much better technique and style,https://www.rapturecamps.com/6-of-the-best-tips-for-beginner-surfers/,/6-of-the-best-tips-for-beginner-surfers,internal
book-surf-camp,7 Reasons why booking a surf camp will be the best thing you ever do,MISSING_IN_SANITY,our incredible destinations,https://www.rapturecamps.com/portugal-surfcamp/,/portugal-surfcamp,internal
book-surf-camp,7 Reasons why booking a surf camp will be the best thing you ever do,MISSING_IN_SANITY,Costa Rica,https://www.rapturecamps.com/costa-rica-surfcamp/,/costa-rica-surfcamp,internal
book-surf-camp,7 Reasons why booking a surf camp will be the best thing you ever do,MISSING_IN_SANITY,learning to surf,https://www.rapturecamps.com/should-i-book-a-surf-camp-or-a-surf-school/,/should-i-book-a-surf-camp-or-a-surf-school,internal
book-surf-camp,7 Reasons why booking a surf camp will be the best thing you ever do,EXTRA_IN_SANITY,surfing brings people together,/blog/10-things-to-do-playa-avellanas-costa-rica,/blog/10-things-to-do-playa-avellanas-costa-rica,internal
book-surf-camp,7 Reasons why booking a surf camp will be the best thing you ever do,EXTRA_IN_SANITY,develop a much better technique and style,/blog/6-of-the-best-tips-for-beginner-surfers,/blog/6-of-the-best-tips-for-beginner-surfers,internal
book-surf-camp,7 Reasons why booking a surf camp will be the best thing you ever do,EXTRA_IN_SANITY,our incredible destinations,/surfcamp/portugal,/surfcamp/portugal,internal
book-surf-camp,7 Reasons why booking a surf camp will be the best thing you ever do,EXTRA_IN_SANITY,Costa Rica,/surfcamp/costa-rica,/surfcamp/costa-rica,internal
book-surf-camp,7 Reasons why booking a surf camp will be the best thing you ever do,EXTRA_IN_SANITY,learning to surf,/blog/should-i-book-a-surf-camp-or-a-surf-school,/blog/should-i-book-a-surf-camp-or-a-surf-school,internal
catch-the-perfect-wave-a-surfers-handbook-to-canggu,Catch The Perfect Wave: A Surfer’s Handbook To Canggu,MISSING_IN_SANITY,surf culture in Canggu,https://www.rapturecamps.com/surfcamp/bali/canggu/,/surfcamp/bali/canggu,internal
catch-the-perfect-wave-a-surfers-handbook-to-canggu,Catch The Perfect Wave: A Surfer’s Handbook To Canggu,MISSING_IN_SANITY,Rapturecamp’s surfcamp,https://www.rapturecamps.com/surfcamp/bali/canggu/surf/,/surfcamp/bali/canggu/surf,internal
catch-the-perfect-wave-a-surfers-handbook-to-canggu,Catch The Perfect Wave: A Surfer’s Handbook To Canggu,EXTRA_IN_SANITY,surf culture in Canggu,/surfcamp/bali,/surfcamp/bali,internal
catch-the-perfect-wave-a-surfers-handbook-to-canggu,Catch The Perfect Wave: A Surfer’s Handbook To Canggu,EXTRA_IN_SANITY,Rapturecamp’s surfcamp,/surfcamp/bali,/surfcamp/bali,internal
co-living-ericeira-villa,"Co-Living Ericeira, Portugal",MISSING_IN_SANITY,contact us,https://www.rapturecamps.com/de/kontakt/,/de/kontakt,internal
co-living-ericeira-villa,"Co-Living Ericeira, Portugal",EXTRA_IN_SANITY,contact us,/contact,/contact,internal
common-surfing-injuries,Common Surfing Injuries And How To Prevent Them,MISSING_IN_SANITY,3 yoga poses to try before surfing,https://www.rapturecamps.com/3-yoga-poses-before-surfing/,/3-yoga-poses-before-surfing,internal
common-surfing-injuries,Common Surfing Injuries And How To Prevent Them,EXTRA_IN_SANITY,3 yoga poses to try before surfing,/blog/3-yoga-poses-before-surfing,/blog/3-yoga-poses-before-surfing,internal
currency-bali,Bali Currency 101: Understanding the Rupiah,MISSING_IN_SANITY,by OANDA,https://www.oanda.com/currency/converter/,https://www.oanda.com/currency/converter,external
donegal-bay-mullaghmore-ireland,Donegal Bay’s Mullaghmore: Ireland’s Answer To Big Wave Surfing,MISSING_IN_SANITY,Red Bull Surfing,https://www.youtube.com/@RedBullSurfing,https://www.youtube.com/@redbullsurfing,external
donegal-bay-mullaghmore-ireland,Donegal Bay’s Mullaghmore: Ireland’s Answer To Big Wave Surfing,MISSING_IN_SANITY,Giuseppe Milo,https://www.flickr.com/photos/giuseppemilo/,https://www.flickr.com/photos/giuseppemilo,external
eco-surf-rescue-uluwatu,Eco Surf Rescue Uluwatu: Keeping Uluwatu Clean!,MISSING_IN_SANITY,interviewed,https://xgames.espn.go.com/article/7265532/eco-warrior-james-pribram-returns-uluwatu-mission,https://xgames.espn.go.com/article/7265532/eco-warrior-james-pribram-returns-uluwatu-mission,external
expert-travels-tips-first-learn-to-surf-trip-to-bali,8 Travel Tips for your Beginner Surf Trip to Bali,MISSING_IN_SANITY,beginner-friendly surf camps in Bali,https://www.rapturecamps.com/learning-to-surf-in-bali-heres-how-to-avoid-the-crowds-and-catch-more-waves/,/learning-to-surf-in-bali-heres-how-to-avoid-the-crowds-and-catch-more-waves,internal
expert-travels-tips-first-learn-to-surf-trip-to-bali,8 Travel Tips for your Beginner Surf Trip to Bali,MISSING_IN_SANITY,160 nationalities,https://www.indonesia.travel/in/en/trip-ideas/visa-free-for-169-countries-to-travel-to-indonesia,https://www.indonesia.travel/in/en/trip-ideas/visa-free-for-169-countries-to-travel-to-indonesia,external
expert-travels-tips-first-learn-to-surf-trip-to-bali,8 Travel Tips for your Beginner Surf Trip to Bali,MISSING_IN_SANITY,Cliff or Padang Padang surf camps,https://www.rapturecamps.com/surfing-bali-beginners-5-novice-surf-spots/,/surfing-bali-beginners-5-novice-surf-spots,internal
expert-travels-tips-first-learn-to-surf-trip-to-bali,8 Travel Tips for your Beginner Surf Trip to Bali,MISSING_IN_SANITY,surf trip to Bali,https://www.rapturecamps.com/blog/surf-lessons-bali/,/blog/surf-lessons-bali,internal
expert-travels-tips-first-learn-to-surf-trip-to-bali,8 Travel Tips for your Beginner Surf Trip to Bali,MISSING_IN_SANITY,check out the rest of this beautiful island,https://www.rapturecamps.com/8-reasons-why-bali-is-one-of-the-best-surfing-destinations-in-the-world/,/8-reasons-why-bali-is-one-of-the-best-surfing-destinations-in-the-world,internal
expert-travels-tips-first-learn-to-surf-trip-to-bali,8 Travel Tips for your Beginner Surf Trip to Bali,EXTRA_IN_SANITY,beginner-friendly surf camps in Bali,/blog/avoid-crowd-and-catch-more-waves-in-bali,/blog/avoid-crowd-and-catch-more-waves-in-bali,internal
expert-travels-tips-first-learn-to-surf-trip-to-bali,8 Travel Tips for your Beginner Surf Trip to Bali,EXTRA_IN_SANITY,Cliff or Padang Padang surf camps,/blog/10-best-surf-spots-in-bali,/blog/10-best-surf-spots-in-bali,internal
expert-travels-tips-first-learn-to-surf-trip-to-bali,8 Travel Tips for your Beginner Surf Trip to Bali,EXTRA_IN_SANITY,surf trip to Bali,/blog/tips-to-choose-surf-lessons-in-bali,/blog/tips-to-choose-surf-lessons-in-bali,internal
expert-travels-tips-first-learn-to-surf-trip-to-bali,8 Travel Tips for your Beginner Surf Trip to Bali,EXTRA_IN_SANITY,check out the rest of this beautiful island,/blog/8-reasons-why-bali-is-one-of-the-best-surfing-destinations-in-the-world,/blog/8-reasons-why-bali-is-one-of-the-best-surfing-destinations-in-the-world,internal
from-our-surf-house-in-ericeira-paddle-to-purpose,From our surf house in Ericeira: Paddle to Purpose,MISSING_IN_SANITY,WATCH NOW,https://www.paddletopurpose.com/,https://www.paddletopurpose.com,external
gifts-for-surfers-2024,Top-Rated Gifts for Surfers: 2024 Must-Haves,MISSING_IN_SANITY,,https://shop.rapturecamps.com/product-category/beach-towels/,https://shop.rapturecamps.com/product-category/beach-towels,external
gifts-for-surfers-2024,Top-Rated Gifts for Surfers: 2024 Must-Haves,MISSING_IN_SANITY,Rapture Surfcamps’ water bottle,https://shop.rapturecamps.com/product/water-bottle/,https://shop.rapturecamps.com/product/water-bottle,external
gifts-for-surfers-2024,Top-Rated Gifts for Surfers: 2024 Must-Haves,MISSING_IN_SANITY,Rapture Surfcamps offers a couple of options,https://shop.rapturecamps.com/product-category/beach-towels/,https://shop.rapturecamps.com/product-category/beach-towels,external
gifts-for-surfers-2024,Top-Rated Gifts for Surfers: 2024 Must-Haves,MISSING_IN_SANITY,awesome casualwear here,https://shop.rapturecamps.com/shop/,https://shop.rapturecamps.com/shop,external
gifts-for-surfers-2024,Top-Rated Gifts for Surfers: 2024 Must-Haves,MISSING_IN_SANITY,beautifully framed poster,https://shop.rapturecamps.com/product/matte-paper-framed-poster-with-mat/,https://shop.rapturecamps.com/product/matte-paper-framed-poster-with-mat,external
gifts-for-surfers-2024,Top-Rated Gifts for Surfers: 2024 Must-Haves,MISSING_IN_SANITY,Rapture Surfcamps’s online shop,https://shop.rapturecamps.com/#_ga=2.69846162.388105430.1723112534-1432473239.1715848818,https://shop.rapturecamps.com/#_ga=2.69846162.388105430.1723112534-1432473239.1715848818,external
high-surf-warnings,High Surf Warnings: Everything You Need To Know,MISSING_IN_SANITY,National Weather Service,https://www.weather.gov/media/gum/safety/High%20Surf%20Advisory%20Brochure.pdf,https://www.weather.gov/media/gum/safety/high%20surf%20advisory%20brochure.pdf,external
how-many-calories-do-you-burn-surfing,How Many Calories Do You Burn Surfing?,MISSING_IN_SANITY,surfing that can be a workout,https://www.rapturecamps.com/surf-workout-plans/,/surf-workout-plans,internal
how-many-calories-do-you-burn-surfing,How Many Calories Do You Burn Surfing?,MISSING_IN_SANITY,7 ways to stay in shape when not surfing,https://www.rapturecamps.com/7-ways-to-stay-in-shape-when-youre-not-surfing/,/7-ways-to-stay-in-shape-when-youre-not-surfing,internal
how-many-calories-do-you-burn-surfing,How Many Calories Do You Burn Surfing?,EXTRA_IN_SANITY,surfing that can be a workout,/blog/surf-workout-plans,/blog/surf-workout-plans,internal
how-many-calories-do-you-burn-surfing,How Many Calories Do You Burn Surfing?,EXTRA_IN_SANITY,7 ways to stay in shape when not surfing,/blog/7-ways-to-stay-in-shape-when-youre-not-surfing,/blog/7-ways-to-stay-in-shape-when-youre-not-surfing,internal
how-many-shark-attacks-per-year,How Many Shark Attacks Per Year: It’s Less Than You Would Think,MISSING_IN_SANITY,International Shark Attack File (ISAF),https://www.floridamuseum.ufl.edu/shark-attacks/,https://www.floridamuseum.ufl.edu/shark-attacks,external
how-to-book-a-surf-camp-in-bali,Choosing a Beginner Surf Camp in Bali: Your Questions Answered,MISSING_IN_SANITY,delicious food,https://www.rapturecamps.com/surfcamp/bali/padang-padang/food/,/surfcamp/bali/padang-padang/food,internal
how-to-book-a-surf-camp-in-bali,Choosing a Beginner Surf Camp in Bali: Your Questions Answered,MISSING_IN_SANITY,beginner surf lessons,https://www.rapturecamps.com/surfcamp/portugal/ericeira-lizandro/surf/,/surfcamp/portugal/ericeira-lizandro/surf,internal
how-to-book-a-surf-camp-in-bali,Choosing a Beginner Surf Camp in Bali: Your Questions Answered,EXTRA_IN_SANITY,delicious food,/surfcamp/bali/padang-padang,/surfcamp/bali/padang-padang,internal
how-to-book-a-surf-camp-in-bali,Choosing a Beginner Surf Camp in Bali: Your Questions Answered,EXTRA_IN_SANITY,beginner surf lessons,/surfcamp/portugal/ericeira-lizandro,/surfcamp/portugal/ericeira-lizandro,internal
how-to-improve-your-surfing-in-6-easy-steps,6 Ways to Improve Your Surfing Skills,MISSING_IN_SANITY,overseas surf adventure,https://www.rapturecamps.com/blog/surf-school-in-portugal/,/blog/surf-school-in-portugal,internal
how-to-improve-your-surfing-in-6-easy-steps,6 Ways to Improve Your Surfing Skills,EXTRA_IN_SANITY,overseas surf adventure,/blog/surf-lessons-in-portugal,/blog/surf-lessons-in-portugal,internal
how-to-plan-your-surf-trip-to-morocco,How to Plan your Surf Trip to Morocco,MISSING_IN_SANITY,surf-related,https://www.rapturecamps.com/surfcamp/morocco/banana-village/surf/,/surfcamp/morocco/banana-village/surf,internal
how-to-plan-your-surf-trip-to-morocco,How to Plan your Surf Trip to Morocco,EXTRA_IN_SANITY,surf-related,/surfcamp/morocco/banana-village,/surfcamp/morocco/banana-village,internal
how-to-pop-up-on-a-surfboard,A Step-by-Step Guide On How To Pop Up On A Surfboard,MISSING_IN_SANITY,Hydro Mind,https://www.youtube.com/@HydroMind,https://www.youtube.com/@hydromind,external
how-to-pull-off-a-surf-trip-in-portugal-this-summer,Tips to Pull off the Most Epic Surf Trip to Portugal,MISSING_IN_SANITY,rite of passage,https://www.rapturecamps.com/blog/surf-school-in-ericeira-portugal/,/blog/surf-school-in-ericeira-portugal,internal
how-to-pull-off-a-surf-trip-in-portugal-this-summer,Tips to Pull off the Most Epic Surf Trip to Portugal,MISSING_IN_SANITY,board,https://www.rapturecamps.com/booking-a-surf-camp-in-portugal-these-are-the-things-you-need-to-know-before-you-go/,/booking-a-surf-camp-in-portugal-these-are-the-things-you-need-to-know-before-you-go,internal
how-to-pull-off-a-surf-trip-in-portugal-this-summer,Tips to Pull off the Most Epic Surf Trip to Portugal,MISSING_IN_SANITY,s,https://www.rapturecamps.com/blog/booking-a-surf-camp-in-portugal-these-are-the-things-you-need-to-know-before-you-go/,/blog/booking-a-surf-camp-in-portugal-these-are-the-things-you-need-to-know-before-you-go,internal
how-to-pull-off-a-surf-trip-in-portugal-this-summer,Tips to Pull off the Most Epic Surf Trip to Portugal,MISSING_IN_SANITY,surf camp in Portugal,https://www.rapturecamps.com/surfcamp/portugal/ericeira-lizandro/surf/,/surfcamp/portugal/ericeira-lizandro/surf,internal
how-to-pull-off-a-surf-trip-in-portugal-this-summer,Tips to Pull off the Most Epic Surf Trip to Portugal,EXTRA_IN_SANITY,rite of passage,/blog/surf-apartments-ericeira-portugal,/blog/surf-apartments-ericeira-portugal,internal
how-to-style-like-a-surfer-rapturecamps,How to Dress like a Surfer? 12 Tips to Get Started,MISSING_IN_SANITY,Rapturecamps merchandise,https://shop.rapturecamps.com/,https://shop.rapturecamps.com,external
how-to-take-wax-off-a-surfboard,How To Take Wax Off A Surfboard: A Step-by-Step Guide,MISSING_IN_SANITY,Boardshop,https://www.youtube.com/@BoardshopUK,https://www.youtube.com/@boardshopuk,external
is-our-surf-camp-near-lisbon-right-for-you,Best Surf Camp Near Lisbon – 7 Reasons Why its Rapture Surfcamps!,MISSING_IN_SANITY,book a surf camp,https://www.rapturecamps.com/blog/booking-a-surf-camp-heres-what-to-look-for-when-making-your-decision/,/blog/booking-a-surf-camp-heres-what-to-look-for-when-making-your-decision,internal
is-our-surf-camp-near-lisbon-right-for-you,Best Surf Camp Near Lisbon – 7 Reasons Why its Rapture Surfcamps!,MISSING_IN_SANITY,our Ericeira location,https://www.rapturecamps.com/blog/surf-school-in-portugal/,/blog/surf-school-in-portugal,internal
is-our-surf-camp-near-lisbon-right-for-you,Best Surf Camp Near Lisbon – 7 Reasons Why its Rapture Surfcamps!,MISSING_IN_SANITY,every aspect of your trip,https://www.rapturecamps.com/blog/booking-a-surf-camp-in-portugal-these-are-the-things-you-need-to-know-before-you-go/,/blog/booking-a-surf-camp-in-portugal-these-are-the-things-you-need-to-know-before-you-go,internal
is-our-surf-camp-near-lisbon-right-for-you,Best Surf Camp Near Lisbon – 7 Reasons Why its Rapture Surfcamps!,MISSING_IN_SANITY,the intelligent choice,https://www.rapturecamps.com/blog/booking-a-surf-camp-in-portugal-these-are-the-things-you-need-to-know-before-you-go/,/blog/booking-a-surf-camp-in-portugal-these-are-the-things-you-need-to-know-before-you-go,internal
is-our-surf-camp-near-lisbon-right-for-you,Best Surf Camp Near Lisbon – 7 Reasons Why its Rapture Surfcamps!,EXTRA_IN_SANITY,book a surf camp,/blog/what-to-look-for-when-booking-a-surf-camp,/blog/what-to-look-for-when-booking-a-surf-camp,internal
is-our-surf-camp-near-lisbon-right-for-you,Best Surf Camp Near Lisbon – 7 Reasons Why its Rapture Surfcamps!,EXTRA_IN_SANITY,our Ericeira location,/blog/surf-lessons-in-portugal,/blog/surf-lessons-in-portugal,internal
is-our-surf-camp-near-lisbon-right-for-you,Best Surf Camp Near Lisbon – 7 Reasons Why its Rapture Surfcamps!,EXTRA_IN_SANITY,every aspect of your trip,/blog/what-to-know-before-booking-a-surf-camp-in-portugal,/blog/what-to-know-before-booking-a-surf-camp-in-portugal,internal
is-our-surf-camp-near-lisbon-right-for-you,Best Surf Camp Near Lisbon – 7 Reasons Why its Rapture Surfcamps!,EXTRA_IN_SANITY,the intelligent choice,/blog/what-to-know-before-booking-a-surf-camp-in-portugal,/blog/what-to-know-before-booking-a-surf-camp-in-portugal,internal
la-paz-waterfall-gardens,La Paz Waterfall Gardens: Costa Rica’s Most Beautiful Rainforest,MISSING_IN_SANITY,Scott Zona,https://www.flickr.com/photos/scottzona/,https://www.flickr.com/photos/scottzona,external
medewi-surf-guide,Medewi Surf Guide: Bali’s Longest Left-Hand Wave,MISSING_IN_SANITY,Global Zoo,https://www.youtube.com/@global_zoo,https://www.youtube.com/@global_zoo,external
nicaragua-travel-guide-what-you-need-to-know,Nicaragua Travel Guide – What you Need to Know before Visiting,MISSING_IN_SANITY,TUI Airways,https://tui.co.uk/flight/costa-rica-flights,https://tui.co.uk/flight/costa-rica-flights,external
nicaragua-travel-guide-what-you-need-to-know,Nicaragua Travel Guide – What you Need to Know before Visiting,MISSING_IN_SANITY,Nicaraguan cuisine,https://www.rapturecamps.com/surfcamp/nicaragua/maderas/food/,/surfcamp/nicaragua/maderas/food,internal
nicaragua-travel-guide-what-you-need-to-know,Nicaragua Travel Guide – What you Need to Know before Visiting,MISSING_IN_SANITY,Nicaragua is Gallo Pinto,https://www.rapturecamps.com/surfcamp/nicaragua/maderas/food/gallo-pinto/,/surfcamp/nicaragua/maderas/food/gallo-pinto,internal
nicaragua-travel-guide-what-you-need-to-know,Nicaragua Travel Guide – What you Need to Know before Visiting,EXTRA_IN_SANITY,Nicaraguan cuisine,/surfcamp/nicaragua/maderas,/surfcamp/nicaragua/maderas,internal
nicaragua-travel-guide-what-you-need-to-know,Nicaragua Travel Guide – What you Need to Know before Visiting,EXTRA_IN_SANITY,Nicaragua is Gallo Pinto,/surfcamp/nicaragua/maderas,/surfcamp/nicaragua/maderas,internal
nicaragua-vs-costa-rica,Nicaragua vs Costa Rica: Which Surf Destination Is Right For You?,MISSING_IN_SANITY,scottieP,https://www.youtube.com/@Scottiepaz,https://www.youtube.com/@scottiepaz,external
nightlife-in-bali,Bali Nightlife: From Sunset to Sunrise,MISSING_IN_SANITY,Canggu,https://www.rapturecamps.com/de/surfcamp/bali/canggu/,/de/surfcamp/bali/canggu,internal
nightlife-in-bali,Bali Nightlife: From Sunset to Sunrise,MISSING_IN_SANITY,Balinese cuisine,https://www.rapturecamps.com/surfcamp/bali/green-bowl/food/,/surfcamp/bali/green-bowl/food,internal
nightlife-in-bali,Bali Nightlife: From Sunset to Sunrise,EXTRA_IN_SANITY,Canggu,/de/surfcamp/bali,/de/surfcamp/bali,internal
nightlife-in-bali,Bali Nightlife: From Sunset to Sunrise,EXTRA_IN_SANITY,Balinese cuisine,/surfcamp/bali/green-bowl,/surfcamp/bali/green-bowl,internal
one-week-in-costa-rica-travel-itinerary,One Week In Costa Rica: The Perfect Travel Itinerary,MISSING_IN_SANITY,dedicated surf camp experience,https://www.rapturecamps.com/surfcamp/costa-rica/avellanas/%5D,/surfcamp/costa-rica/avellanas/%5d,internal
one-week-in-costa-rica-travel-itinerary,One Week In Costa Rica: The Perfect Travel Itinerary,EXTRA_IN_SANITY,dedicated surf camp experience,/surfcamp/costa-rica/avellanas/,/surfcamp/costa-rica/avellanas,internal
places-to-eat-and-drink-in-ericeira,Top 13 Restaurants in Ericeira,MISSING_IN_SANITY,tasty side,https://www.rapturecamps.com/surfcamp/portugal/ericeira-lizandro/food/,/surfcamp/portugal/ericeira-lizandro/food,internal
places-to-eat-and-drink-in-ericeira,Top 13 Restaurants in Ericeira,MISSING_IN_SANITY,Portuguese food,https://www.rapturecamps.com/surfcamp/portugal/ericeira-coxos-surf-villa/food/,/surfcamp/portugal/ericeira-coxos-surf-villa/food,internal
places-to-eat-and-drink-in-ericeira,Top 13 Restaurants in Ericeira,EXTRA_IN_SANITY,tasty side,/surfcamp/portugal/ericeira-lizandro,/surfcamp/portugal/ericeira-lizandro,internal
planning-a-surf-trip-to-the-tropics-10-essentials-you-shouldnt-forget,Planning a Tropical Surf Trip? Don’t Forget to Pack these 10 Essentials!,MISSING_IN_SANITY,anything but a bummer,https://www.rapturecamps.com/blog/booking-a-surf-camp-heres-what-to-look-for-when-making-your-decision/,/blog/booking-a-surf-camp-heres-what-to-look-for-when-making-your-decision,internal
planning-a-surf-trip-to-the-tropics-10-essentials-you-shouldnt-forget,Planning a Tropical Surf Trip? Don’t Forget to Pack these 10 Essentials!,MISSING_IN_SANITY,Sunburn in tropical environs is the worst,https://www.rapturecamps.com/blog/learn-to-surf-in-costa-rica-9-epic-reasons-why-you-should-go-right-now/,/blog/learn-to-surf-in-costa-rica-9-epic-reasons-why-you-should-go-right-now,internal
planning-a-surf-trip-to-the-tropics-10-essentials-you-shouldnt-forget,Planning a Tropical Surf Trip? Don’t Forget to Pack these 10 Essentials!,MISSING_IN_SANITY,Costa Rica,https://www.rapturecamps.com/top-5-surf-spots-playa-avellanas-costa-rica/,/top-5-surf-spots-playa-avellanas-costa-rica,internal
planning-a-surf-trip-to-the-tropics-10-essentials-you-shouldnt-forget,Planning a Tropical Surf Trip? Don’t Forget to Pack these 10 Essentials!,MISSING_IN_SANITY,self-respecting surf town,https://www.rapturecamps.com/costa-rica-surfcamp/,/costa-rica-surfcamp,internal
planning-a-surf-trip-to-the-tropics-10-essentials-you-shouldnt-forget,Planning a Tropical Surf Trip? Don’t Forget to Pack these 10 Essentials!,MISSING_IN_SANITY,Nicaragua surf camps,https://www.rapturecamps.com/packing-list-costa-rica-nicaragua/,/packing-list-costa-rica-nicaragua,internal
planning-a-surf-trip-to-the-tropics-10-essentials-you-shouldnt-forget,Planning a Tropical Surf Trip? Don’t Forget to Pack these 10 Essentials!,MISSING_IN_SANITY,BOOK NOW,https://bookings.rapturecamps.com/frontoffice/,https://bookings.rapturecamps.com/frontoffice,external
planning-a-surf-trip-to-the-tropics-10-essentials-you-shouldnt-forget,Planning a Tropical Surf Trip? Don’t Forget to Pack these 10 Essentials!,EXTRA_IN_SANITY,anything but a bummer,/blog/what-to-look-for-when-booking-a-surf-camp,/blog/what-to-look-for-when-booking-a-surf-camp,internal
planning-a-surf-trip-to-the-tropics-10-essentials-you-shouldnt-forget,Planning a Tropical Surf Trip? Don’t Forget to Pack these 10 Essentials!,EXTRA_IN_SANITY,Sunburn in tropical environs is the worst,/blog/9-reasons-to-learn-to-surf-in-costa-rica,/blog/9-reasons-to-learn-to-surf-in-costa-rica,internal
planning-a-surf-trip-to-the-tropics-10-essentials-you-shouldnt-forget,Planning a Tropical Surf Trip? Don’t Forget to Pack these 10 Essentials!,EXTRA_IN_SANITY,Costa Rica,/blog/top-surf-spots-around-playa-avellanas-costa-rica,/blog/top-surf-spots-around-playa-avellanas-costa-rica,internal
planning-a-surf-trip-to-the-tropics-10-essentials-you-shouldnt-forget,Planning a Tropical Surf Trip? Don’t Forget to Pack these 10 Essentials!,EXTRA_IN_SANITY,self-respecting surf town,/surfcamp/costa-rica,/surfcamp/costa-rica,internal
planning-a-surf-trip-to-the-tropics-10-essentials-you-shouldnt-forget,Planning a Tropical Surf Trip? Don’t Forget to Pack these 10 Essentials!,EXTRA_IN_SANITY,Nicaragua surf camps,/blog/what-to-pack-for-costa-rica-and-nicaragua,/blog/what-to-pack-for-costa-rica-and-nicaragua,internal
portugal-makes-waves-liga-meo-pro-surf-and-another-big-wave-record,Portugal Makes Waves: Liga MEO Pro Surf and Another Big Wave World Record for Garrett McNamara?,MISSING_IN_SANITY,record-breaking,https://www.rapturecamps.com/blog/nazare-mcnamaras-90ft-wave-rapture-surfcamps/,/blog/nazare-mcnamaras-90ft-wave-rapture-surfcamps,internal
portugal-makes-waves-liga-meo-pro-surf-and-another-big-wave-record,Portugal Makes Waves: Liga MEO Pro Surf and Another Big Wave World Record for Garrett McNamara?,EXTRA_IN_SANITY,record-breaking,/blog,/blog,internal
portugal-travel-guide-all-you-need-to-know-before-you-plan-a-trip,Portugal Travel Guide 2024 – All You Need to Know Before you Plan a Trip,MISSING_IN_SANITY,TUI Belgium,https://tuifly.be/en/destinos/portugal,https://tuifly.be/en/destinos/portugal,external
rainy-season-surf-nicaragua,Surf in Nicaragua in the Rainy Season,MISSING_IN_SANITY,Playa Maderas,https://www.rapturecamps.com/surfcamp/nicaragua/maderas/surf/,/surfcamp/nicaragua/maderas/surf,internal
rainy-season-surf-nicaragua,Surf in Nicaragua in the Rainy Season,EXTRA_IN_SANITY,Playa Maderas,/surfcamp/nicaragua/maderas,/surfcamp/nicaragua/maderas,internal
rapturecamps-response-to-coronavirus,A message from Rapturecamps about COVID-19,MISSING_IN_SANITY,Indonesia Travel,https://www.indonesia.travel/gb/en/news/additional-measures-of-the-indonesian-government-in-relation-to-covid-19-response,https://www.indonesia.travel/gb/en/news/additional-measures-of-the-indonesian-government-in-relation-to-covid-19-response,external
rapturecamps-response-to-coronavirus,A message from Rapturecamps about COVID-19,MISSING_IN_SANITY,Apple Store,https://apps.apple.com/pt/app/info-praia/id1467347173,https://apps.apple.com/pt/app/info-praia/id1467347173,external
rapturecamps-response-to-coronavirus,A message from Rapturecamps about COVID-19,MISSING_IN_SANITY,Google Play,https://play.google.com/store/apps/details?id=pt.apambiente.info_praia&hl=pt_PT,https://play.google.com/store/apps/details,external
reasons-to-start-surfing-today,10 Reasons to Start Surfing Today!,MISSING_IN_SANITY,can bring health benefits,https://neuroscience.stanford.edu/news/what-me-worry,https://neuroscience.stanford.edu/news/what-me-worry,external
reasons-to-start-surfing-today,10 Reasons to Start Surfing Today!,MISSING_IN_SANITY,Bali,http://www.surfcamp.travel/bali/,http://www.surfcamp.travel/bali,external
reasons-to-start-surfing-today,10 Reasons to Start Surfing Today!,MISSING_IN_SANITY,Portugal,http://www.surfcampinportugal.com/,http://www.surfcampinportugal.com,external
should-i-book-a-surf-camp-or-a-surf-school,"What is the Difference between a Surf Camp, a Surf House and a Surf School?",MISSING_IN_SANITY,a surf school,https://www.rapturecamps.com/blog/surf-lessons-nicaragua-learn-to-surf/,/blog/surf-lessons-nicaragua-learn-to-surf,internal
should-i-book-a-surf-camp-or-a-surf-school,"What is the Difference between a Surf Camp, a Surf House and a Surf School?",MISSING_IN_SANITY,surf school,https://www.rapturecamps.com/surfcamp/portugal/ericeira-lizandro/surf/,/surfcamp/portugal/ericeira-lizandro/surf,internal
should-i-book-a-surf-camp-or-a-surf-school,"What is the Difference between a Surf Camp, a Surf House and a Surf School?",MISSING_IN_SANITY,Booking a surf school,https://www.rapturecamps.com/surfcamp/nicaragua/maderas/surf/,/surfcamp/nicaragua/maderas/surf,internal
should-i-book-a-surf-camp-or-a-surf-school,"What is the Difference between a Surf Camp, a Surf House and a Surf School?",EXTRA_IN_SANITY,a surf school,/blog/surf-school-nicaragua,/blog/surf-school-nicaragua,internal
speak-like-a-surfer,47 Surfing Terms To Speak Surf Like a Pro,MISSING_IN_SANITY,,https://www.rapturecamps.com/blog/choosing-wetsuits-for-surfing/,/blog/choosing-wetsuits-for-surfing,internal
speak-like-a-surfer,47 Surfing Terms To Speak Surf Like a Pro,MISSING_IN_SANITY,surfing in a wetsuit,https://www.rapturecamps.com/blog/choosing-wetsuits-for-surfing/,/blog/choosing-wetsuits-for-surfing,internal
speak-like-a-surfer,47 Surfing Terms To Speak Surf Like a Pro,MISSING_IN_SANITY,Costa Rica surf camp,https://rapturecamps.com/blog/visiting-playa-avellanas-costa-rica-rapture-surfcamps,/blog/visiting-playa-avellanas-costa-rica-rapture-surfcamps,internal
speak-like-a-surfer,47 Surfing Terms To Speak Surf Like a Pro,MISSING_IN_SANITY,shaka,https://www.rapturecamps.com/blog/the-meaning-and-history-of-shaka/,/blog/the-meaning-and-history-of-shaka,internal
speak-like-a-surfer,47 Surfing Terms To Speak Surf Like a Pro,MISSING_IN_SANITY,"Ana Isa
										Surf Trip Expert",https://www.rapturecamps.com/meet-us-online/,/meet-us-online,internal
speak-like-a-surfer,47 Surfing Terms To Speak Surf Like a Pro,EXTRA_IN_SANITY,Costa Rica surf camp,/blog/10-things-to-do-playa-avellanas-costa-rica,/blog/10-things-to-do-playa-avellanas-costa-rica,internal
speak-like-a-surfer,47 Surfing Terms To Speak Surf Like a Pro,EXTRA_IN_SANITY,,/contact,/contact,internal
speak-like-a-surfer,47 Surfing Terms To Speak Surf Like a Pro,EXTRA_IN_SANITY,,/contact,/contact,internal
speak-like-a-surfer,47 Surfing Terms To Speak Surf Like a Pro,EXTRA_IN_SANITY,,/contact,/contact,internal
speak-like-a-surfer,47 Surfing Terms To Speak Surf Like a Pro,EXTRA_IN_SANITY,,/contact,/contact,internal
speak-like-a-surfer,47 Surfing Terms To Speak Surf Like a Pro,EXTRA_IN_SANITY,,/contact,/contact,internal
speak-like-a-surfer,47 Surfing Terms To Speak Surf Like a Pro,EXTRA_IN_SANITY,Ana Isa,/contact,/contact,internal
speak-like-a-surfer,47 Surfing Terms To Speak Surf Like a Pro,EXTRA_IN_SANITY,,/contact,/contact,internal
speak-like-a-surfer,47 Surfing Terms To Speak Surf Like a Pro,EXTRA_IN_SANITY,Surf Trip Expert,/contact,/contact,internal
speak-like-a-surfer,47 Surfing Terms To Speak Surf Like a Pro,EXTRA_IN_SANITY,,/contact,/contact,internal
speak-like-a-surfer,47 Surfing Terms To Speak Surf Like a Pro,EXTRA_IN_SANITY,,/contact,/contact,internal
square-waves,The Power of Square Waves: Everything Surfers Need to Know,MISSING_IN_SANITY,Bright Side,https://www.youtube.com/@BRIGHTSIDEOFFICIAL,https://www.youtube.com/@brightsideofficial,external
surf-camp-and-surf-lessons-in-costa-rica-everything-you-need-to-know,All About Booking Surf Lessons in Costa Rica,MISSING_IN_SANITY,booking a surf camp,https://www.rapturecamps.com/blog/learn-to-surf-in-costa-rica-9-epic-reasons-why-you-should-go-right-now/,/blog/learn-to-surf-in-costa-rica-9-epic-reasons-why-you-should-go-right-now,internal
surf-camp-and-surf-lessons-in-costa-rica-everything-you-need-to-know,All About Booking Surf Lessons in Costa Rica,EXTRA_IN_SANITY,booking a surf camp,/blog/9-reasons-to-learn-to-surf-in-costa-rica,/blog/9-reasons-to-learn-to-surf-in-costa-rica,internal
surf-ericeira,Surfing Ericeira – Europe’s Only World Surfing Reserve,MISSING_IN_SANITY,its own “king”,https://www.ericeirablog.com/ericeira-and-its-king/,https://www.ericeirablog.com/ericeira-and-its-king,external
surf-ericeira,Surfing Ericeira – Europe’s Only World Surfing Reserve,MISSING_IN_SANITY,learn to surf,https://www.rapturecamps.com/blog/surf-school-in-ericeira-portugal/,/blog/surf-school-in-ericeira-portugal,internal
surf-ericeira,Surfing Ericeira – Europe’s Only World Surfing Reserve,EXTRA_IN_SANITY,learn to surf,/blog/surf-apartments-ericeira-portugal,/blog/surf-apartments-ericeira-portugal,internal
surf-etiquette-for-surfers,The Unspoken Rules of Surfing – A Guide to Surf Etiquette,MISSING_IN_SANITY,surf camp in Portugal,https://www.rapturecamps.com/is-our-surf-camp-near-lisbon-right-for-you/,/is-our-surf-camp-near-lisbon-right-for-you,internal
surf-etiquette-for-surfers,The Unspoken Rules of Surfing – A Guide to Surf Etiquette,MISSING_IN_SANITY,If you’re a beginner surfer,https://www.rapturecamps.com/6-of-the-best-tips-for-beginner-surfers/,/6-of-the-best-tips-for-beginner-surfers,internal
surf-etiquette-for-surfers,The Unspoken Rules of Surfing – A Guide to Surf Etiquette,EXTRA_IN_SANITY,surf camp in Portugal,/blog/is-our-surf-camp-near-lisbon-right-for-you,/blog/is-our-surf-camp-near-lisbon-right-for-you,internal
surf-etiquette-for-surfers,The Unspoken Rules of Surfing – A Guide to Surf Etiquette,EXTRA_IN_SANITY,If you’re a beginner surfer,/blog/6-of-the-best-tips-for-beginner-surfers,/blog/6-of-the-best-tips-for-beginner-surfers,internal
surf-holidays-portugal,Planning Surf Holidays In Portugal? Here’s All You Need To Know,MISSING_IN_SANITY,surf schools,https://www.rapturecamps.com/blog/surf-school-in-portugal/,/blog/surf-school-in-portugal,internal
surf-holidays-portugal,Planning Surf Holidays In Portugal? Here’s All You Need To Know,EXTRA_IN_SANITY,surf schools,/blog/surf-lessons-in-portugal,/blog/surf-lessons-in-portugal,internal
surf-legends-inspirational-stories,Surf Legends: Inspirational Stories from the Big Waves,MISSING_IN_SANITY,Karendesuyo,https://www.flickr.com/photos/karen_chan/,https://www.flickr.com/photos/karen_chan,external
surf-legends-inspirational-stories,Surf Legends: Inspirational Stories from the Big Waves,MISSING_IN_SANITY,Luis Ascenso,https://www.flickr.com/photos/107521854@N05/,https://www.flickr.com/photos/107521854@n05,external
surf-lessons-in-ericeira-portugal,Surf Lessons in Portugal – The Best European Country to Learn the Art of Surfing,MISSING_IN_SANITY,apartments,https://www.rapturecamps.com/blog/surf-apartments-in-ericeira-portugal/,/blog/surf-apartments-in-ericeira-portugal,internal
surf-lessons-in-ericeira-portugal,Surf Lessons in Portugal – The Best European Country to Learn the Art of Surfing,EXTRA_IN_SANITY,apartments,/blog/surf-apartments-ericeira-portugal,/blog/surf-apartments-ericeira-portugal,internal
surf-lessons-in-portugal-the-best-country-in-europe-to-learn-the-art-of-surfing,Surfing Lessons in Portugal: Europe’s Best Place to Learn  Surfing,MISSING_IN_SANITY,apartments,https://www.rapturecamps.com/blog/surf-apartments-in-ericeira-portugal/,/blog/surf-apartments-in-ericeira-portugal,internal
surf-lessons-in-portugal-the-best-country-in-europe-to-learn-the-art-of-surfing,Surfing Lessons in Portugal: Europe’s Best Place to Learn  Surfing,EXTRA_IN_SANITY,apartments,/blog/surf-apartments-ericeira-portugal,/blog/surf-apartments-ericeira-portugal,internal
surf-resort-bali,Bali Surf Resorts –  Your Gateway to World-Class Waves and Tropical Bliss,MISSING_IN_SANITY,learn how to surf,https://www.rapturecamps.com/blog/surf-tips-beginners-learn-to-surf/,/blog/surf-tips-beginners-learn-to-surf,internal
surf-resort-bali,Bali Surf Resorts –  Your Gateway to World-Class Waves and Tropical Bliss,EXTRA_IN_SANITY,learn how to surf,/blog/surf-tips-beginners,/blog/surf-tips-beginners,internal
surf-school-bali,Learn to Surf at the Best Surf Camp in Bali – Rapture Surfcamps,MISSING_IN_SANITY,learn how to surf,https://www.rapturecamps.com/blog/surf-tips-beginners-learn-to-surf/,/blog/surf-tips-beginners-learn-to-surf,internal
surf-school-bali,Learn to Surf at the Best Surf Camp in Bali – Rapture Surfcamps,MISSING_IN_SANITY,Padang Padang,https://www.rapturecamps.com/surfing-padang-padang/,/surfing-padang-padang,internal
surf-school-bali,Learn to Surf at the Best Surf Camp in Bali – Rapture Surfcamps,MISSING_IN_SANITY,learn how to surf,https://www.rapturecamps.com/blog/surf-tips-beginners-learn-to-surf/,/blog/surf-tips-beginners-learn-to-surf,internal
surf-school-bali,Learn to Surf at the Best Surf Camp in Bali – Rapture Surfcamps,EXTRA_IN_SANITY,learn how to surf,/blog/surf-tips-beginners,/blog/surf-tips-beginners,internal
surf-school-bali,Learn to Surf at the Best Surf Camp in Bali – Rapture Surfcamps,EXTRA_IN_SANITY,Padang Padang,/blog/surfing-padang-padang,/blog/surfing-padang-padang,internal
surf-school-bali,Learn to Surf at the Best Surf Camp in Bali – Rapture Surfcamps,EXTRA_IN_SANITY,learn how to surf,/blog/surf-tips-beginners,/blog/surf-tips-beginners,internal
surf-school-costa-rica,From Beginner to Pro: Top Surf Camps in Costa Rica for Every Skill Level,MISSING_IN_SANITY,Playa Avellanas,https://www.rapturecamps.com/visiting-playa-avellanas-costa-rica-rapture-surfcamps/,/visiting-playa-avellanas-costa-rica-rapture-surfcamps,internal
surf-school-costa-rica,From Beginner to Pro: Top Surf Camps in Costa Rica for Every Skill Level,MISSING_IN_SANITY,Playa Avellanas,https://www.rapturecamps.com/top-5-surf-spots-in-playa-avellanas-costa-rica/,/top-5-surf-spots-in-playa-avellanas-costa-rica,internal
surf-school-costa-rica,From Beginner to Pro: Top Surf Camps in Costa Rica for Every Skill Level,MISSING_IN_SANITY,Playa Avellanas,https://www.rapturecamps.com/blog/top-5-surf-spots-in-playa-avellanas-costa-rica/,/blog/top-5-surf-spots-in-playa-avellanas-costa-rica,internal
surf-school-costa-rica,From Beginner to Pro: Top Surf Camps in Costa Rica for Every Skill Level,MISSING_IN_SANITY,delicious food,https://www.rapturecamps.com/surfcamp/costa-rica/avellanas/food/,/surfcamp/costa-rica/avellanas/food,internal
surf-school-costa-rica,From Beginner to Pro: Top Surf Camps in Costa Rica for Every Skill Level,MISSING_IN_SANITY,comfortable accommodation,https://www.rapturecamps.com/surfcamp/costa-rica/avellanas/rooms/,/surfcamp/costa-rica/avellanas/rooms,internal
surf-school-costa-rica,From Beginner to Pro: Top Surf Camps in Costa Rica for Every Skill Level,EXTRA_IN_SANITY,Playa Avellanas,/blog/top-surf-spots-around-playa-avellanas-costa-rica,/blog/top-surf-spots-around-playa-avellanas-costa-rica,internal
surf-school-costa-rica,From Beginner to Pro: Top Surf Camps in Costa Rica for Every Skill Level,EXTRA_IN_SANITY,Playa Avellanas,/blog/top-surf-spots-around-playa-avellanas-costa-rica,/blog/top-surf-spots-around-playa-avellanas-costa-rica,internal
surfer-diet,Surfer Diet: What To Eat When You’re Surfing,MISSING_IN_SANITY,frangipani floating through your window,https://www.rapturecamps.com/surfcamp/bali/green-bowl/food/,/surfcamp/bali/green-bowl/food,internal
surfer-diet,Surfer Diet: What To Eat When You’re Surfing,MISSING_IN_SANITY,grain toast topped with mashed avocado and a poached egg,https://www.rapturecamps.com/surfcamp/costa-rica/avellanas/food/,/surfcamp/costa-rica/avellanas/food,internal
surfer-diet,Surfer Diet: What To Eat When You’re Surfing,MISSING_IN_SANITY,best eats from the chefs of Ericeira,https://www.rapturecamps.com/surfcamp/portugal/ericeira-lizandro/food/,/surfcamp/portugal/ericeira-lizandro/food,internal
surfer-diet,Surfer Diet: What To Eat When You’re Surfing,EXTRA_IN_SANITY,frangipani floating through your window,/surfcamp/bali/green-bowl,/surfcamp/bali/green-bowl,internal
surfer-diet,Surfer Diet: What To Eat When You’re Surfing,EXTRA_IN_SANITY,best eats from the chefs of Ericeira,/surfcamp/portugal/ericeira-lizandro,/surfcamp/portugal/ericeira-lizandro,internal
surfing-at-night,"Surfing At Night: Tips, Gear, And Safety",MISSING_IN_SANITY,GoPro,https://www.youtube.com/@GoPro,https://www.youtube.com/@gopro,external
surfing-bali,Bali Surfing 101: Everything You Need to Know Before Hitting the Waves,MISSING_IN_SANITY,Uluwatu,https://www.rapturecamps.com/surfcamp/bali/green-bowl/surf/,/surfcamp/bali/green-bowl/surf,internal
surfing-bali,Bali Surfing 101: Everything You Need to Know Before Hitting the Waves,MISSING_IN_SANITY,BOOK NOW,https://bookings.rapturecamps.com/,https://bookings.rapturecamps.com,external
surfing-in-october,Top Destinations To Go Surfing in October 2025,MISSING_IN_SANITY,Playa Maderas,https://www.rapturecamps.com/surfcamp/nicaragua/maderas/surf/,/surfcamp/nicaragua/maderas/surf,internal
surfing-in-october,Top Destinations To Go Surfing in October 2025,EXTRA_IN_SANITY,Playa Maderas,/surfcamp/nicaragua/maderas,/surfcamp/nicaragua/maderas,internal
surfing-nicaragua,2024 Best Surf Spots and Seasons to Surf Nicaragua,MISSING_IN_SANITY,surf school,https://www.rapturecamps.com/surfcamp/nicaragua/maderas/surf/,/surfcamp/nicaragua/maderas/surf,internal
surfing-safety-tips-in-costa-rica,Surfing Safety: Tips for Staying Safe on Costa Rica’s Waves,MISSING_IN_SANITY,Shiva Shenoy,https://www.flickr.com/photos/shivashenoy/,https://www.flickr.com/photos/shivashenoy,external
surfing-safety-tips-in-costa-rica,Surfing Safety: Tips for Staying Safe on Costa Rica’s Waves,MISSING_IN_SANITY,Dakine Kane,https://www.flickr.com/photos/ltobrooklyn/,https://www.flickr.com/photos/ltobrooklyn,external
surfing-the-gili-islands,A Guide to Surfing the Gili Islands,MISSING_IN_SANITY,here.,https://rapturecamps.com/7-things-to-do-on-the-gili-islands,/7-things-to-do-on-the-gili-islands,internal
surfing-the-gili-islands,A Guide to Surfing the Gili Islands,EXTRA_IN_SANITY,here.,/blog/things-to-do-gili-islands,/blog/things-to-do-gili-islands,internal
surfing-uluwatu,Surfing Uluwatu in Bali –  World-Class Reef Breaks in Bali,MISSING_IN_SANITY,Pura Luhur Uluwatu,https://www.bali.com/temple_Uluwatu_Pura-Luhur-Uluwatu_82.html,https://www.bali.com/temple_uluwatu_pura-luhur-uluwatu_82.html,external
surfing-uluwatu,Surfing Uluwatu in Bali –  World-Class Reef Breaks in Bali,MISSING_IN_SANITY,best beginner surf spots in Bali,https://www.rapturecamps.com/best-beginner-surf-spots-in-bali/,/best-beginner-surf-spots-in-bali,internal
surfing-uluwatu,Surfing Uluwatu in Bali –  World-Class Reef Breaks in Bali,MISSING_IN_SANITY,rooms,https://www.rapturecamps.com/surfcamp/bali/padang-padang/rooms/,/surfcamp/bali/padang-padang/rooms,internal
surfing-uluwatu,Surfing Uluwatu in Bali –  World-Class Reef Breaks in Bali,EXTRA_IN_SANITY,best beginner surf spots in Bali,/blog/best-beginner-surf-spots-in-bali,/blog/best-beginner-surf-spots-in-bali,internal
surfing-with-an-apple-watch,Surfing with an Apple Watch,MISSING_IN_SANITY,Workout,https://apps.apple.com/us/app/workout/id1584215851,https://apps.apple.com/us/app/workout/id1584215851,external
surfing-with-an-apple-watch,Surfing with an Apple Watch,MISSING_IN_SANITY,Fitness,https://apps.apple.com/us/app/fitness/id1208224953,https://apps.apple.com/us/app/fitness/id1208224953,external
the-13-best-beaches-in-bali,The 13 Best Beaches in Bali,MISSING_IN_SANITY,Heidi,https://www.flickr.com/photos/hk0330/,https://www.flickr.com/photos/hk0330,external
the-13-best-beaches-in-bali,The 13 Best Beaches in Bali,MISSING_IN_SANITY,Sergii Gulenok,https://www.flickr.com/photos/ashenwolf/,https://www.flickr.com/photos/ashenwolf,external
the-13-best-beaches-in-bali,The 13 Best Beaches in Bali,MISSING_IN_SANITY,Tom Fellmann,https://www.flickr.com/photos/tomfellmann/,https://www.flickr.com/photos/tomfellmann,external
the-13-best-beaches-in-bali,The 13 Best Beaches in Bali,MISSING_IN_SANITY,Peter Garnham,https://www.flickr.com/photos/petergarnhum/,https://www.flickr.com/photos/petergarnhum,external
the-13-best-beaches-in-bali,The 13 Best Beaches in Bali,MISSING_IN_SANITY,Bea Pierce,https://www.flickr.com/photos/beapierce/,https://www.flickr.com/photos/beapierce,external
the-13-best-beaches-in-bali,The 13 Best Beaches in Bali,MISSING_IN_SANITY,Canggu Beach,https://www.rapturecamps.com/surfcamp/bali/canggu/,/surfcamp/bali/canggu,internal
the-13-best-beaches-in-bali,The 13 Best Beaches in Bali,MISSING_IN_SANITY,I Nengah Januartha,https://www.flickr.com/photos/janumedia/,https://www.flickr.com/photos/janumedia,external
the-13-best-beaches-in-bali,The 13 Best Beaches in Bali,MISSING_IN_SANITY,Kars Alfrink,https://www.flickr.com/photos/kaeru/,https://www.flickr.com/photos/kaeru,external
the-algarve-a-complete-guide-for-surfers,Why The Algarve Is A Surfer’s Paradise: A Complete Guide,MISSING_IN_SANITY,Nic Von Rupp,https://www.youtube.com/@nicvonrupp1671,https://www.youtube.com/@nicvonrupp1671,external
the-definitive-surfers-guide-to-lisbon,From Beaches to Bistros: A Surfer’s Guide to the Best Things to Do in Lisbon,MISSING_IN_SANITY,Tapisco,https://lisboacool.com/en/eat/tapisco,https://lisboacool.com/en/eat/tapisco,external
the-evolution-of-surfboard-designs,The Evolution Of Surfboard Designs,MISSING_IN_SANITY,KDS444,https://commons.wikimedia.org/wiki/User:KDS444,https://commons.wikimedia.org/wiki/user:kds444,external
the-languages-of-indonesia,Learn The Lingo: The Languages Of Indonesia,MISSING_IN_SANITY,no matter the time of year,https://www.rapturecamps.com/bali-winter-escape/,/bali-winter-escape,internal
the-languages-of-indonesia,Learn The Lingo: The Languages Of Indonesia,MISSING_IN_SANITY,dining in local restaurants,https://www.rapturecamps.com/best-places-to-eat-near-green-bowl/,/best-places-to-eat-near-green-bowl,internal
the-languages-of-indonesia,Learn The Lingo: The Languages Of Indonesia,EXTRA_IN_SANITY,no matter the time of year,/blog/bali-winter-escape,/blog/bali-winter-escape,internal
the-languages-of-indonesia,Learn The Lingo: The Languages Of Indonesia,EXTRA_IN_SANITY,dining in local restaurants,/blog/best-places-to-eat-near-green-bowl,/blog/best-places-to-eat-near-green-bowl,internal
the-real-bali-ubud-and-uluwatu,Bali Beyond the Beaches – Things to Do and Places to See in Bali,MISSING_IN_SANITY,Visit Rapture Camps Bali,https://www.rapturecamps.com/destinations/bali/,/destinations/bali,internal
the-real-bali-ubud-and-uluwatu,Bali Beyond the Beaches – Things to Do and Places to See in Bali,MISSING_IN_SANITY,here,https://www.rapturecamps.com/surfing-bali/,/surfing-bali,internal
the-real-bali-ubud-and-uluwatu,Bali Beyond the Beaches – Things to Do and Places to See in Bali,EXTRA_IN_SANITY,here,/blog/surfing-bali,/blog/surfing-bali,internal
the-safest-family-friendly-surf-destinations-around-the-world,Ultimate Guide to Planning the Perfect Family Surf Trip,MISSING_IN_SANITY,Travel insurance,https://www.rapturecamps.com/travel-insurance-for-your-surf-trip/,/travel-insurance-for-your-surf-trip,internal
the-safest-family-friendly-surf-destinations-around-the-world,Ultimate Guide to Planning the Perfect Family Surf Trip,EXTRA_IN_SANITY,Travel insurance,/blog/surf-trip-insurance,/blog/surf-trip-insurance,internal
the-ultimate-couples-getaway-our-surf-camp-in-portugal,The Ultimate Couple Getaway? How About a Surf And Yoga Trip To Portugal,MISSING_IN_SANITY,learning to surf at our surf camp,https://www.rapturecamps.com/blog/surf-school-in-portugal/,/blog/surf-school-in-portugal,internal
the-ultimate-couples-getaway-our-surf-camp-in-portugal,The Ultimate Couple Getaway? How About a Surf And Yoga Trip To Portugal,MISSING_IN_SANITY,watch a sunset from down at Foz do Lizandro beach,https://www.rapturecamps.com/is-our-surf-camp-near-lisbon-right-for-you/,/is-our-surf-camp-near-lisbon-right-for-you,internal
the-ultimate-couples-getaway-our-surf-camp-in-portugal,The Ultimate Couple Getaway? How About a Surf And Yoga Trip To Portugal,MISSING_IN_SANITY,couple’s getaways,https://www.rapturecamps.com/how-to-pull-off-a-surf-trip-in-portugal-this-summer/,/how-to-pull-off-a-surf-trip-in-portugal-this-summer,internal
the-ultimate-couples-getaway-our-surf-camp-in-portugal,The Ultimate Couple Getaway? How About a Surf And Yoga Trip To Portugal,MISSING_IN_SANITY,"seeking adventure, entertainment",https://www.rapturecamps.com/things-to-do-in-ericeira/,/things-to-do-in-ericeira,internal
the-ultimate-couples-getaway-our-surf-camp-in-portugal,The Ultimate Couple Getaway? How About a Surf And Yoga Trip To Portugal,MISSING_IN_SANITY,ultimate couple’s getaway destination,https://www.rapturecamps.com/booking-a-surf-camp-in-portugal-these-are-the-things-you-need-to-know-before-you-go/,/booking-a-surf-camp-in-portugal-these-are-the-things-you-need-to-know-before-you-go,internal
the-ultimate-couples-getaway-our-surf-camp-in-portugal,The Ultimate Couple Getaway? How About a Surf And Yoga Trip To Portugal,EXTRA_IN_SANITY,learning to surf at our surf camp,/blog/surf-lessons-in-portugal,/blog/surf-lessons-in-portugal,internal
the-ultimate-couples-getaway-our-surf-camp-in-portugal,The Ultimate Couple Getaway? How About a Surf And Yoga Trip To Portugal,EXTRA_IN_SANITY,watch a sunset from down at Foz do Lizandro beach,/blog/is-our-surf-camp-near-lisbon-right-for-you,/blog/is-our-surf-camp-near-lisbon-right-for-you,internal
the-ultimate-couples-getaway-our-surf-camp-in-portugal,The Ultimate Couple Getaway? How About a Surf And Yoga Trip To Portugal,EXTRA_IN_SANITY,couple’s getaways,/blog/how-to-pull-off-a-surf-trip-in-portugal-this-summer,/blog/how-to-pull-off-a-surf-trip-in-portugal-this-summer,internal
the-ultimate-couples-getaway-our-surf-camp-in-portugal,The Ultimate Couple Getaway? How About a Surf And Yoga Trip To Portugal,EXTRA_IN_SANITY,"seeking adventure, entertainment",/blog/best-things-to-do-in-ericeira,/blog/best-things-to-do-in-ericeira,internal
the-ultimate-couples-getaway-our-surf-camp-in-portugal,The Ultimate Couple Getaway? How About a Surf And Yoga Trip To Portugal,EXTRA_IN_SANITY,ultimate couple’s getaway destination,/blog/what-to-know-before-booking-a-surf-camp-in-portugal,/blog/what-to-know-before-booking-a-surf-camp-in-portugal,internal
the-waves-in-nicaragua-are-always-offshore,Are the waves in Nicaragua are always offshore?,MISSING_IN_SANITY,learn to surf in Nicaragua,https://rapturecamps.com/surfcamp/nicaragua/maderas/surf,/surfcamp/nicaragua/maderas/surf,internal
tips-for-surfing-in-costa-rica-on-a-budget,6 Tips for Budget-Friendly Surfing in Costa Rica,MISSING_IN_SANITY,breakfast and dinner,https://www.rapturecamps.com/surfcamp/costa-rica/avellanas/food/,/surfcamp/costa-rica/avellanas/food,internal
tips-to-choose-surf-lessons-in-bali,Surf Lessons in Bali – Tips to Choose the Right Surf Camp for You,MISSING_IN_SANITY,reach us here.,https://www.rapturecamps.com/meet-us-online/,/meet-us-online,internal
tips-to-choose-surf-lessons-in-bali,Surf Lessons in Bali – Tips to Choose the Right Surf Camp for You,EXTRA_IN_SANITY,reach us here.,/contact,/contact,internal
top-10-most-dangerous-surf-spots-in-the-world,Top 10 Most Dangerous Surf Spots In The World,MISSING_IN_SANITY,Surf Kawela Hawaii,https://www.youtube.com/@SurfKawelaHawaii,https://www.youtube.com/@surfkawelahawaii,external
top-10-surfing-destinations-in-the-world,10 Best Surf Spots in the World,MISSING_IN_SANITY,CNN,http://edition.cnn.com/2013/06/30/travel/50-surf-spots/,http://edition.cnn.com/2013/06/30/travel/50-surf-spots,external
traveling-with-a-surfboard-made-easy-in-6-simple-steps,6 Important Tips for Travelling with a Surfboard,MISSING_IN_SANITY,you’re flying to a surfing destination,https://rapturecamps.com/surf-holidays-vacation-portugal,/surf-holidays-vacation-portugal,internal
traveling-with-a-surfboard-made-easy-in-6-simple-steps,6 Important Tips for Travelling with a Surfboard,EXTRA_IN_SANITY,you’re flying to a surfing destination,/surfcamp/portugal,/surfcamp/portugal,internal
travelling-solo-in-bali,Traveling Solo In Bali,MISSING_IN_SANITY,Canggu,https://www.rapturecamps.com/surfcamp/bali/canggu/rooms/,/surfcamp/bali/canggu/rooms,internal
travelling-solo-in-bali,Traveling Solo In Bali,EXTRA_IN_SANITY,Canggu,/surfcamp/bali,/surfcamp/bali,internal
what-is-an-electric-surfboard,What Is an Electric Surfboard?,MISSING_IN_SANITY,Wonder World,https://www.youtube.com/@WonderWorldYTC,https://www.youtube.com/@wonderworldytc,external
what-is-duck-diving,Duck Diving: Techniques For Surfers,MISSING_IN_SANITY,Kale Brock,https://www.youtube.com/@KalesBroccoli,https://www.youtube.com/@kalesbroccoli,external
what-is-surfers-eye,"What Is Surfer’s Eye: Causes, Symptoms, And Prevention",MISSING_IN_SANITY,Community Eye Health,https://www.flickr.com/photos/communityeyehealth/,https://www.flickr.com/photos/communityeyehealth,external
what-muscles-does-surfing-work,What Muscles Does Surfing Work?,MISSING_IN_SANITY,build up all that fitness when you’re surfing,https://www.rapturecamps.com/surf-workout-plans/,/surf-workout-plans,internal
what-muscles-does-surfing-work,What Muscles Does Surfing Work?,MISSING_IN_SANITY,creating a workout guide away from the water is a key part of keeping your fitness,https://www.rapturecamps.com/7-ways-to-stay-in-shape-when-youre-not-surfing/,/7-ways-to-stay-in-shape-when-youre-not-surfing,internal
what-muscles-does-surfing-work,What Muscles Does Surfing Work?,EXTRA_IN_SANITY,build up all that fitness when you’re surfing,/blog/surf-workout-plans,/blog/surf-workout-plans,internal
what-muscles-does-surfing-work,What Muscles Does Surfing Work?,EXTRA_IN_SANITY,creating a workout guide away from the water is a key part of keeping your fitness,/blog/7-ways-to-stay-in-shape-when-youre-not-surfing,/blog/7-ways-to-stay-in-shape-when-youre-not-surfing,internal
what-to-expect-from-surfing-classes,From Wipeouts To Wave Riding: What To Expect From Surfing Classes,MISSING_IN_SANITY,surf camp in Green Bowl,https://www.rapturecamps.com/surfcamp/bali/green-bowl/rooms/,/surfcamp/bali/green-bowl/rooms,internal
what-to-expect-from-surfing-classes,From Wipeouts To Wave Riding: What To Expect From Surfing Classes,EXTRA_IN_SANITY,surf camp in Green Bowl,/surfcamp/bali/green-bowl,/surfcamp/bali/green-bowl,internal
what-to-know-before-booking-a-surf-camp-in-portugal,What to Expect on your Surf Trip to Portugal?,MISSING_IN_SANITY,after your surf lesson,https://www.rapturecamps.com/blog/surf-school-in-ericeira-portugal/,/blog/surf-school-in-ericeira-portugal,internal
what-to-know-before-booking-a-surf-camp-in-portugal,What to Expect on your Surf Trip to Portugal?,MISSING_IN_SANITY,after your surf lesson,https://www.rapturecamps.com/blog/surf-school-in-ericeira-portugal/,/blog/surf-school-in-ericeira-portugal,internal
what-to-know-before-booking-a-surf-camp-in-portugal,What to Expect on your Surf Trip to Portugal?,EXTRA_IN_SANITY,after your surf lesson,/blog/surf-apartments-ericeira-portugal,/blog/surf-apartments-ericeira-portugal,internal
what-to-know-before-booking-a-surf-camp-in-portugal,What to Expect on your Surf Trip to Portugal?,EXTRA_IN_SANITY,after your surf lesson,/blog/surf-apartments-ericeira-portugal,/blog/surf-apartments-ericeira-portugal,internal
what-to-look-for-in-costa-rica-hotels,Key Features to Look for in Costa Rica Beachfront Hotels,MISSING_IN_SANITY,fresh local ingredients,https://www.rapturecamps.com/surfcamp/costa-rica/avellanas/food/,/surfcamp/costa-rica/avellanas/food,internal
what-to-look-for-in-costa-rica-hotels,Key Features to Look for in Costa Rica Beachfront Hotels,EXTRA_IN_SANITY,fresh local ingredients,/surfcamp/costa-rica/avellanas,/surfcamp/costa-rica/avellanas,internal
what-to-look-for-when-booking-a-surf-camp,Booking a surf camp? Guide to Choosing the Right One,MISSING_IN_SANITY,surf camps are an absolute blast,https://www.rapturecamps.com/blog/visiting-playa-avellanas-costa-rica-rapture-surfcamps/,/blog/visiting-playa-avellanas-costa-rica-rapture-surfcamps,internal
what-to-look-for-when-booking-a-surf-camp,Booking a surf camp? Guide to Choosing the Right One,MISSING_IN_SANITY,have the time of your life,https://www.rapturecamps.com/bali-surf-lessons-promo/,/bali-surf-lessons-promo,internal
what-to-look-for-when-booking-a-surf-camp,Booking a surf camp? Guide to Choosing the Right One,MISSING_IN_SANITY,make the learn to surf experience truly memorable,https://www.rapturecamps.com/blog/booking-a-surf-camp-in-portugal-these-are-the-things-you-need-to-know-before-you-go/,/blog/booking-a-surf-camp-in-portugal-these-are-the-things-you-need-to-know-before-you-go,internal
what-to-look-for-when-booking-a-surf-camp,Booking a surf camp? Guide to Choosing the Right One,EXTRA_IN_SANITY,surf camps are an absolute blast,/blog/10-things-to-do-playa-avellanas-costa-rica,/blog/10-things-to-do-playa-avellanas-costa-rica,internal
what-to-look-for-when-booking-a-surf-camp,Booking a surf camp? Guide to Choosing the Right One,EXTRA_IN_SANITY,have the time of your life,/surfcamp/bali,/surfcamp/bali,internal
what-to-look-for-when-booking-a-surf-camp,Booking a surf camp? Guide to Choosing the Right One,EXTRA_IN_SANITY,make the learn to surf experience truly memorable,/blog/what-to-know-before-booking-a-surf-camp-in-portugal,/blog/what-to-know-before-booking-a-surf-camp-in-portugal,internal
what-to-pack-for-costa-rica-and-nicaragua,19 Things to Pack on a Surf Trip to Nicaragua and Costa Rica,MISSING_IN_SANITY,Costa Rica,https://rapturecamps.com/surfcamp/costa-rica/avellanas/surf,/surfcamp/costa-rica/avellanas/surf,internal
what-to-pack-for-costa-rica-and-nicaragua,19 Things to Pack on a Surf Trip to Nicaragua and Costa Rica,MISSING_IN_SANITY,WorldNomads,https://rapturecamps.com/travel-insurance-for-your-surf-trip,/travel-insurance-for-your-surf-trip,internal
what-to-pack-for-costa-rica-and-nicaragua,19 Things to Pack on a Surf Trip to Nicaragua and Costa Rica,EXTRA_IN_SANITY,WorldNomads,/blog/surf-trip-insurance,/blog/surf-trip-insurance,internal
whens-the-best-time-to-surf-in-portugal,When is the Surf Season in Portugal?,MISSING_IN_SANITY,"Ana Isa
										Customer Support Happiness",https://www.rapturecamps.com/meet-us-online/,/meet-us-online,internal
whens-the-best-time-to-surf-in-portugal,When is the Surf Season in Portugal?,EXTRA_IN_SANITY,,/contact,/contact,internal
whens-the-best-time-to-surf-in-portugal,When is the Surf Season in Portugal?,EXTRA_IN_SANITY,,/contact,/contact,internal
whens-the-best-time-to-surf-in-portugal,When is the Surf Season in Portugal?,EXTRA_IN_SANITY,,/contact,/contact,internal
whens-the-best-time-to-surf-in-portugal,When is the Surf Season in Portugal?,EXTRA_IN_SANITY,,/contact,/contact,internal
whens-the-best-time-to-surf-in-portugal,When is the Surf Season in Portugal?,EXTRA_IN_SANITY,,/contact,/contact,internal
whens-the-best-time-to-surf-in-portugal,When is the Surf Season in Portugal?,EXTRA_IN_SANITY,Ana Isa,/contact,/contact,internal
whens-the-best-time-to-surf-in-portugal,When is the Surf Season in Portugal?,EXTRA_IN_SANITY,,/contact,/contact,internal
whens-the-best-time-to-surf-in-portugal,When is the Surf Season in Portugal?,EXTRA_IN_SANITY,Customer Support Happiness,/contact,/contact,internal
whens-the-best-time-to-surf-in-portugal,When is the Surf Season in Portugal?,EXTRA_IN_SANITY,,/contact,/contact,internal
whens-the-best-time-to-surf-in-portugal,When is the Surf Season in Portugal?,EXTRA_IN_SANITY,,/contact,/contact,internal
why-choose-nicaragua-as-your-first-surf-trip,6 Reasons Why Nicaragua Should Be Your First Surf Trip in 2024,EXTRA_IN_SANITY,surf lessons,/surfcamp/nicaragua/maderas,/surfcamp/nicaragua/maderas,internal
why-is-surfing-popular,29 Reasons Why Everyone Loves Surfing,MISSING_IN_SANITY,Bali,http://surfcamp.travel/bali,http://surfcamp.travel/bali,external
why-is-surfing-popular,29 Reasons Why Everyone Loves Surfing,MISSING_IN_SANITY,Portugal,http://surfcamp.travel/portugal,http://surfcamp.travel/portugal,external
yoga-surfcamp-bali,Yoga Surf Camp in Bali: Bringing Zen and Thrill Together,MISSING_IN_SANITY,Padang Padang,https://www.rapturecamps.com/surfcamp/bali/padang-padang/rooms/,/surfcamp/bali/padang-padang/rooms,internal
yoga-surfcamp-bali,Yoga Surf Camp in Bali: Bringing Zen and Thrill Together,MISSING_IN_SANITY,Green Bowl,https://www.rapturecamps.com/surfcamp/bali/green-bowl/rooms/,/surfcamp/bali/green-bowl/rooms,internal
yoga-surfcamp-portugal,From Downward Dog to Hang Ten: The Ultimate Yoga Surfcamp Experience in Portugal,MISSING_IN_SANITY,best surf spots,https://www.rapturecamps.com/blog/7-of-portugals-best-surf-spots/,/blog/7-of-portugals-best-surf-spots,internal
yoga-surfcamp-portugal,From Downward Dog to Hang Ten: The Ultimate Yoga Surfcamp Experience in Portugal,EXTRA_IN_SANITY,best surf spots,/blog/portugal-best-surf-spots,/blog/portugal-best-surf-spots,internal
