"Title","Slug","Current Categories","New Topic Category"
"10 Best Places in the World to Surf in 2025","10-dream-surfing-destinations-for-2024","Inspiration","Surf Travel"
"10 Best Surf Spots in Bali","10-best-surf-spots-in-bali","Bali","Surf Travel"
"10 Best Surf Spots in the World","top-10-surfing-destinations-in-the-world","Inspiration","Surf Travel"
"10 Best Things To Do In Monteverde Cloud Forest","10-best-things-to-do-in-monteverde-cloud-forest","Costa Rica","Surf Travel"
"10 Reasons to Start Surfing Today!","reasons-to-start-surfing-today","Inspiration","Surf Health & Safety"
"10 Surfing Safety Tips Everyone Should Know","surfing-safety-in-ocean","Inspiration","Surf Health & Safety"
"10 Things to Do in Playa Avellanas, Costa Rica","10-things-to-do-playa-avellanas-costa-rica","Inspiration","Surf Travel"
"10 Unique and Incredibly Fun Things To Do In Costa Rica","10-fun-things-to-do-in-costa-rica","Costa Rica","Surf Travel"
"10 Ways to Save Money-Enjoy Budget Surf Trips","budget-surf-trips-10-ways-to-save-money","Inspiration","Surf Travel"
"10 of the Best Surf Beaches in Morocco","best-surf-spots-in-morocco","Morocco","Surf Travel"
"11 Places to Visit in Morocco","things-to-do-in-morocco","Inspiration; Morocco","Surf Travel"
"15 Tips to Improve Your Surf Chops","15-tips-to-get-better-at-surfing-tips-for-all-levels-of-surfers","Inspiration","Learn to Surf"
"15 amazing things to do in Ericeira, Portugal","best-things-to-do-in-ericeira","Portugal","Surf Travel"
"19 Things to Pack on a Surf Trip to Nicaragua and Costa Rica","what-to-pack-for-costa-rica-and-nicaragua","Costa Rica; Nicaragua","Surf Travel"
"2024 Best Surf Spots and Seasons to Surf Nicaragua","surfing-nicaragua","Nicaragua","Surf Travel"
"2024 New Year’s Resolutions for Surfers","new-years-resolution-for-surfers","Inspiration","Surf Culture & Lifestyle"
"22 Fun Facts About Portugal That Prove It’s a Surfer’s Paradise","fun-facts-about-portugal","Inspiration; Portugal","Surf Travel"
"29 Reasons Why Everyone Loves Surfing","why-is-surfing-popular","Inspiration","Surf Culture & Lifestyle"
"3 Beaches You Must Visit in Sanur(other than Sanur Beach)","3-beaches-you-must-visit-in-sanur-other-than-sanur-beach","Inspiration","Surf Travel"
"3 Off-beat Places You Must Visit in Bali","3-off-beat-places-you-must-visit-in-bali","Inspiration","Surf Travel"
"3 Things To Do In and Around Sanur","3-things-to-do-in-and-around-sanur","Inspiration","Surf Travel"
"3 Yoga Poses To Help You Warm Up Before Surfing","3-yoga-poses-before-surfing","Inspiration","Surf Health & Safety"
"4 Tips for Choosing the Best Surf Lessons in Portugal","surf-lessons-in-portugal","Portugal","Learn to Surf"
"47 Surfing Terms To Speak Surf Like a Pro","speak-like-a-surfer","Inspiration","Surf Culture & Lifestyle"
"5 Best Places in the World to Learn to Surf","the-5-best-places-to-learn-to-surf","Bali; Costa Rica; Portugal","Surf Travel"
"5 Mistakes Beginner Surfers Make (And How to Fix Them)","common-surfing-mistakes","Inspiration","Surf Health & Safety"
"5 Reasons Our Surf Camp Offers the Best Surfing in Portugal","5-reasons-rapture-offers-the-best-surfing-in-portugal","Portugal","Surf Travel"
"5 Surf Spots for Beginners in Costa Rica","5-of-the-best-beginner-surf-beaches-in-costa-rica","Costa Rica","Surf Travel"
"5 Vegan Restaurants You Must Visit in Bali","5-vegan-restaurants-you-must-visit-in-bali","Inspiration","Surf Travel"
"6 Best Places to Surf in August 2025","6-best-places-to-surf-in-august-2025","Bali; Costa Rica; Inspiration; Morocco; Nicaragua; Portugal","Surf Travel"
"6 Important Tips for Travelling with a Surfboard","traveling-with-a-surfboard-made-easy-in-6-simple-steps","Inspiration","Surf Equipment & Gear"
"6 Proven Tips on How to Get Better at Surfing","get-better-at-surfing","Inspiration","Learn to Surf"
"6 Reasons Why Nicaragua Should Be Your First Surf Trip in 2024","why-choose-nicaragua-as-your-first-surf-trip","Nicaragua","Surf Travel"
"6 Tips for Budget-Friendly Surfing in Costa Rica","tips-for-surfing-in-costa-rica-on-a-budget","Costa Rica","Surf Travel"
"6 Types of Guests You Meet at Our Portugal Surf Camp","6-types-of-guests-you-can-expect-to-meet-at-our-portugal-surf-camp","Portugal","Surf Travel"
"6 Ways to Improve Your Surfing Skills","how-to-improve-your-surfing-in-6-easy-steps","Inspiration","Learn to Surf"
"6 of the Best Tips for Beginner Surfers","6-of-the-best-tips-for-beginner-surfers","Bali; Costa Rica; Nicaragua; Portugal","Learn to Surf"
"7 BEST Places to Visit and Things to Do in Portugal","things-to-do-portugal","Portugal","Surf Travel"
"7 Reasons why booking a surf camp will be the best thing you ever do","book-surf-camp","Inspiration","Surf Travel"
"7 Things To Do in Gili Islands (Transport, Activities, and More Tips)","things-to-do-gili-islands","Bali","Surf Travel"
"7 Things You Should Know Before You Learn To Surf","7-things-to-know-before-surfing","Inspiration","Learn to Surf"
"7 Ways To Stay Fit When You’re Not Surfing","7-ways-to-stay-in-shape-when-youre-not-surfing","Inspiration","Surf Fitness & Training"
"7 Weirdest Waves To Surf around the Globe – Where are they?","7-of-the-weirdest-waves-around-the-world-and-where-to-find-them","Inspiration","Surf Travel"
"7 of The Biggest Waves in the World","7-biggest-waves-in-the-world","Inspiration","Surf Travel"
"8 Best Places to Learn to Surf","8-best-places-to-learn-to-surf","Inspiration","Surf Travel"
"8 Reasons Why Bali is a World-Class Surf Spot","8-reasons-why-bali-is-one-of-the-best-surfing-destinations-in-the-world","Bali; Inspiration","Surf Travel"
"8 Travel Tips for your Beginner Surf Trip to Bali","expert-travels-tips-first-learn-to-surf-trip-to-bali","Bali","Surf Travel"
"8 reasons why you need to book a surf camp in Nicaragua right now","8-reasons-why-you-need-to-book-a-surf-camp-in-nicaragua-right-now","Nicaragua","Surf Travel"
"9 Awesome Things to do in Taghazout, Morocco","things-to-do-in-taghazout","Inspiration; Morocco","Surf Travel"
"9 Expert Tips for a Memorable Surf Trip in Costa Rica","9-tips-to-help-you-plan-the-perfect-surf-trip-to-costa-rica","Costa Rica","Surf Travel"
"9 Reasons Why Costa Rica Should Be Your Next Surfing Destination","9-reasons-to-learn-to-surf-in-costa-rica","Costa Rica","Surf Travel"
"9 Things You Should Know Before You Start Surfing","9-things-you-should-know-before-you-start-surfing","Inspiration","Surf Equipment & Gear"
"9 Tips for Beginners to Ace Basic Surfing Skills","surf-tips-beginners","Inspiration","Learn to Surf"
"A Beginner’s Guide to Types of Surf Breaks","types-of-surf-breaks","Inspiration","Surf Science & Conditions"
"A Beginner’s Guide to Understanding the Basics of Reading a Wave","basics-to-read-a-wave","Inspiration","Surf Science & Conditions"
"A Guide To Different Types of Surfboards","a-guide-to-different-types-of-surfboards","Inspiration","Surf Equipment & Gear"
"A Guide to Surfing the Gili Islands","surfing-the-gili-islands","Bali","Surf Travel"
"A Quiet New Year’s Eve? Here’s how you can do it!","a-quiet-new-years-eve-ideas","Inspiration","Surf Travel"
"A Special Visitor At Our Surfcamp In Nicaragua","a-special-visitor-at-our-surfcamp-in-nicaragua","Nicaragua","Surf Travel"
"A Step-by-Step Guide On How To Pop Up On A Surfboard","how-to-pop-up-on-a-surfboard","Inspiration","Learn to Surf"
"A Surfer’s Guide to Bali’s Temples","a-surfers-guide-to-balis-temples","Bali","Surf Travel"
"A message from Rapturecamps about COVID-19","rapturecamps-response-to-coronavirus","Bali; Costa Rica; Inspiration; Nicaragua; Portugal","Surf Travel"
"Affordable Surf Towns: Where To Live On A Budget As A Surfer","affordable-surf-towns-to-live-as-a-surfer","Inspiration","Surf Travel"
"All About Booking Surf Lessons in Costa Rica","surf-camp-and-surf-lessons-in-costa-rica-everything-you-need-to-know","Costa Rica","Surf Travel"
"All You Need To Know About Surfing in G-Land","all-you-need-to-know-about-surfing-in-g-land","Inspiration","Surf Travel"
"All You Need To Know Before Surfing At Nias","surfing-at-nias","Inspiration","Surf Travel"
"An Ultimate Guide to Surfing Sayulita","an-ultimate-guide-to-surfing-sayulita","Inspiration","Surf Travel"
"Apartments in Ericeira: Where to Stay and      What to Expect","surf-apartments-ericeira-portugal","Portugal","Surf Travel"
"Are the waves in Nicaragua are always offshore?","the-waves-in-nicaragua-are-always-offshore","Nicaragua","Surf Science & Conditions"
"BALI TEMPLES: 5 SHRINES ARE BETTER THAN A THOUSAND","bali-temples-5-shrines-are-better-than-a-thousand","Inspiration","Surf Travel"
"BUYING THE RIGHT SURFBOARD","buying-the-right-surfboard","Inspiration","Surf Equipment & Gear"
"Bali Beyond the Beaches – Things to Do and Places to See in Bali","the-real-bali-ubud-and-uluwatu","Bali","Surf Travel"
"Bali Currency 101: Understanding the Rupiah","bali-currency-101-understanding-the-rupiah","Inspiration","Surf Travel"
"Bali Currency 101: Understanding the Rupiah","currency-bali","Inspiration","Surf Travel"
"Bali Nightlife: From Sunset to Sunrise","nightlife-in-bali","Inspiration","Surf Travel"
"Bali Nyepi: The Island’s Day Of Silence","bali-nyepi-the-islands-day-of-silence","Inspiration","Surf Travel"
"Bali Surf Resorts –  Your Gateway to World-Class Waves and Tropical Bliss","surf-resort-bali","Bali","Surf Travel"
"Bali Surfing 101: Everything You Need to Know Before Hitting the Waves","surfing-bali","Bali","Surf Travel"
"Bali Weather: A Month-by-Month Guide For Surfers","bali-weather-a-month-by-month","Bali","Surf Travel"
"Bali on a Budget: How Off-Peak Surfing Saves You Money","saving-money-when-surfing-in-bali","Bali","Surf Travel"
"Bali vs Thailand: Which Is The Better Surf Destination?","bali-vs-thailand","Bali; Inspiration","Surf Travel"
"Balinese Massage: Why You Should Try It | Best Locations","balinese-massage","Bali","Surf Travel"
"Basic surf etiquette: How to survive in a crowded lineup","basic-surf-etiquette-how-to-survive-in-a-crowded-lineup","Bali; Costa Rica; Nicaragua; Portugal","Surf Health & Safety"
"Batu Karas – A Hidden Gem In Indonesia","visit-batu-karas","Inspiration","Surf Travel"
"Beach Things to Do in Bali","beach-things-to-do-in-bali","Inspiration","Surf Travel"
"Beginners Guide to Wetsuits: Staying Warm and Flexible in the Waves","beginners-guide-to-wetsuits","Inspiration","Surf Equipment & Gear"
"Beginners Paradise: Why Bali’s Off-Peak Season Is Ideal for Learning to Surf","bali-off-peak-surfing","Bali","Surf Travel"
"Benagil Cave: A Guide to Portugal’s Coastal Spot","benagil-cave","Portugal","Surf Travel"
"Best Apps For Surfers | 2025","best-apps-for-surfers","Inspiration","Surf Equipment & Gear"
"Best Surf Bikinis: Comfort, Style, And Performance","best-surf-bikinis","Inspiration","Surf Equipment & Gear"
"Best Surf Camp Near Lisbon – 7 Reasons Why its Rapture Surfcamps!","is-our-surf-camp-near-lisbon-right-for-you","Portugal","Surf Travel"
"Best Surf Movies Of All Time: A Must-Watch List","7-best-surf-movies-of-all-time","Inspiration","Surf Culture & Lifestyle"
"Best Surf Spots Portugal: 2025 Guide with Map","portugal-best-surf-spots","Portugal","Surf Travel"
"Beyond The Break: Exploring Costa Rica’s Surf Culture","exploring-costa-ricas-surf-culture","Costa Rica","Surf Travel"
"Bingin Beach, Bali: A Surfer’s Dream Playground","bingin-beach","Bali","Surf Travel"
"Bioluminescence In Costa Rica","bioluminescence-in-costa-rica","Costa Rica; Inspiration","Surf Travel"
"Bodyboarding Tips And Tricks: How To Improve Your Skills","bodyboarding-tips-and-tricks","Inspiration","Surf Culture & Lifestyle"
"Booking a surf camp? Guide to Choosing the Right One","what-to-look-for-when-booking-a-surf-camp","Inspiration","Surf Travel"
"Can The Diving Reflex Help You Stay Calm Underwater?","what-is-the-diving-reflex","Inspiration","Surf Fitness & Training"
"Can you surf without knowing how to swim?","can-you-surf-without-knowing-how-to-swim","Inspiration","Surf Fitness & Training"
"Catch The Perfect Wave: A Surfer’s Handbook To Canggu","catch-the-perfect-wave-a-surfers-handbook-to-canggu","Inspiration","Surf Travel"
"Catch the Perfect Wave: A Beginner’s Guide to Surfing in Ericeira","beginners-guide-to-ericeira","Portugal","Surf Travel"
"Chasing the Perfect Wave: Advanced Surf Spots in Costa Rica","advanced-surf-spots-in-costa-rica","Costa Rica","Surf Travel"
"Chasing the Perfect Wave: Advanced Surf Spots in Costa Rica","chasing-the-perfect-wave-advanced-surf-spots-in-costa-rica","Inspiration","Surf Travel"
"Choosing The Perfect Surf Travel Bag For Your Adventure","choosing-the-perfect-surf-travel-bag-for-your-adventure","Inspiration","Surf Equipment & Gear"
"Choosing a Beginner Surf Camp in Bali: Your Questions Answered","how-to-book-a-surf-camp-in-bali","Bali","Surf Travel"
"Choosing the Perfect Surf Retreat: What to Look for in Beach Hotels in Costa Rica","beach-hotels-in-costa-rica","Costa Rica","Surf Travel"
"Co-Living Ericeira, Portugal","co-living-ericeira-villa","Inspiration; Portugal","Surf Culture & Lifestyle"
"Common Surfing Injuries And How To Prevent Them","common-surfing-injuries","Inspiration","Surf Health & Safety"
"Conquer the Waves: Mastering the Art of Wave Reading","how-to-read-waves","Inspiration","Surf Science & Conditions"
"Costa Nova: Portugal’s Most Colorful Coastal Gem","costa-nova-portugal","Portugal","Surf Travel"
"Costa Rica Monsoon Season: Surf Conditions and How To Prepare","costa-rica-monsoon-season","Costa Rica","Surf Travel"
"Costa Rica Renewable Energy – Plastic and Carbon Free by 2021","renewable-energy-plastic-carbon-free-costa-rica","Costa Rica; Inspiration","Surf Travel"
"Costa Rica Travel Guide: Best Places, Activities & Travel Tips","costa-rica-travel-guide-best-places-activities-travel-tips","Inspiration","Surf Travel"
"Discover Sintra: Portugal’s Fairytale Town","sintra-portugals-fairytale-town","Inspiration","Surf Travel"
"Discover Your Next Adventure: The 9 Best Surf Camps in Europe in 2024","best-surf-camps-in-europe-2024","Inspiration","Surf Travel"
"Discover the Magic of Bali’s Surfing Culture","surfing-bali-experienced","Inspiration","Surf Culture & Lifestyle"
"Do Surfers Struggle On Surfboards?","do-surfers-struggle-on-surfboards","Inspiration","Learn to Surf"
"Do You Need Swimming Skills to Surf?","swimming-skills-surfing","Inspiration","Surf Fitness & Training"
"Dominical, Costa Rica: Surfing, Yoga, And Laid-Back Vibes","dominical-costa-rica","Inspiration","Surf Travel"
"Donegal Bay’s Mullaghmore: Ireland’s Answer To Big Wave Surfing","donegal-bay-mullaghmore-ireland","Inspiration","Surf Travel"
"Dreamland Beach: Bali’s Hidden Paradise For Surfers","dreamland-beach-bali","Bali","Surf Travel"
"Duck Diving: Techniques For Surfers","what-is-duck-diving","Inspiration","Learn to Surf"
"Eco Surf Rescue Uluwatu: Keeping Uluwatu Clean!","eco-surf-rescue-uluwatu","Bali","Surf Health & Safety"
"Eco-Friendly Surfboards: What You Need To Know","eco-friendly-surfboards","Inspiration","Surf Equipment & Gear"
"Ericeira Becomes a Part of the 1st International Surf Network","ericeira-portugal-part-of-first-international-surf-network","Portugal","Surf Travel"
"Escaping the crowds – find serenity on your Bali Surf Adventure!","avoid-crowd-and-catch-more-waves-in-bali","Bali","Surf Travel"
"Everything You Need To Know About Surfer’s Ear","surfers-ear","Inspiration","Surf Health & Safety"
"Expert Surfing 101: Riding a Barrel","barrel-riding-basics","Inspiration","Surf Science & Conditions"
"Exploring The Best Portugal Surf Spots: Essential Tips And Must-Visit Locations","exploring-the-best-portugal-surf-spots-essential-tips-and-must-visit-locations","Inspiration","Surf Travel"
"Find Crowd-free Waves For Surfing In Vila Nove de Milfontes","find-crowd-free-waves-for-surfing-in-vila-nove-de-milfontes","Inspiration","Surf Travel"
"Foil Surfing: The Future Of Wave Riding","what-is-foil-surfing","Inspiration","Surf Culture & Lifestyle"
"Frequently asked questions about our surf camp in Costa Rica","frequently-asked-questions-about-our-surf-camp-in-costa-rica","Costa Rica","Surf Travel"
"From Beaches to Bistros: A Surfer’s Guide to the Best Things to Do in Lisbon","the-definitive-surfers-guide-to-lisbon","Inspiration; Portugal","Surf Travel"
"From Beginner to Pro: Top Surf Camps in Costa Rica for Every Skill Level","surf-school-costa-rica","Costa Rica","Surf Travel"
"From Downward Dog to Hang Ten: The Ultimate Yoga Surfcamp Experience in Portugal","yoga-surfcamp-portugal","Portugal","Surf Fitness & Training"
"From Novice to Pro: Rapture Surfcamps’ Bali For All Skill-levels","bali-surf-camps-all-level-surf-lessons","Inspiration","Learn to Surf"
"From Wipeouts To Wave Riding: What To Expect From Surfing Classes","what-to-expect-from-surfing-classes","Inspiration","Learn to Surf"
"From our surf house in Ericeira: Paddle to Purpose","from-our-surf-house-in-ericeira-paddle-to-purpose","Portugal","Surf Travel"
"From our surf house in Ericeira: Paddle to Purpose","from-our-surf-house-in-ericeira-paddle-to-purpose","Portugal","Surf Travel"
"Goofy Foot Surfing: What It Means And How It Affects Your Style","goofy-foot-surfing","Inspiration","Surf Culture & Lifestyle"
"High Surf Warnings: Everything You Need To Know","high-surf-warnings","Inspiration","Surf Science & Conditions"
"History Makers: 10 Biggest Waves Ever Surfed","10-biggest-waves-ever-surfed","Inspiration","Surf Culture & Lifestyle"
"How Do Tides Work? Understanding The Ocean’s Rhythms","how-do-tides-work","Inspiration","Surf Science & Conditions"
"How Fast Do Surfers Go?","how-fast-do-surfers-go","Inspiration","Surf Science & Conditions"
"How Many Calories Do You Burn Surfing?","how-many-calories-do-you-burn-surfing","Inspiration","Surf Health & Safety"
"How Many Shark Attacks Per Year: It’s Less Than You Would Think","how-many-shark-attacks-per-year","Inspiration","Surf Science & Conditions"
"How To Capture Stunning Surf Photography","how-to-capture-surf-photography","Inspiration","Surf Equipment & Gear"
"How To Choose A Surfboard For Beginner Surfers?","choosing-beginner-surfboards","Inspiration","Surf Equipment & Gear"
"How To Choose The Perfect Surf Shorts","the-perfect-surf-shorts","Inspiration","Surf Equipment & Gear"
"How To Hike Arenal Volcano: Best Trails & Tips","arenal-volcano","Costa Rica","Surf Travel"
"How To Take Wax Off A Surfboard: A Step-by-Step Guide","how-to-take-wax-off-a-surfboard","Inspiration","Surf Equipment & Gear"
"How To Travel Costa Rica On A Budget","costa-rica-on-a-budget","Costa Rica","Surf Travel"
"How To Wax A Surfboard: Step-by-Step Guide","how-to-wax-a-surfboard","Inspiration","Surf Equipment & Gear"
"How to Choose the Best Surfboard- From Fish Surfboards to Foam Boards","how-to-choose-the-best-surfboard","Inspiration","Surf Equipment & Gear"
"How to Choose the Perfect Surfboard in Bali","the-perfect-surfboard-in-bali","Inspiration","Surf Equipment & Gear"
"How to Choose the Right Surfboard for You","how-to-choose-the-right-surfboard-for-you","Inspiration","Surf Equipment & Gear"
"How to Cutback: A Surfer’s Guide","how-to-cutback-a-surfers-guide","Inspiration","Learn to Surf"
"How to Dress like a Surfer? 12 Tips to Get Started","how-to-style-like-a-surfer-rapturecamps","Inspiration","Surf Culture & Lifestyle"
"How to Master the Waves in Portugal: A Beginners Guide","beginners-guide-to-surfing-in-portugal","Portugal","Surf Travel"
"How to Perfect Your Surfboard Pop-up","8-steps-on-how-to-pop-up-on-a-surfboard","Inspiration","Learn to Surf"
"How to Plan your Surf Trip to Morocco","how-to-plan-your-surf-trip-to-morocco","Morocco","Surf Travel"
"How to Read a Surf Report – Unlocking the Secrets to finding the Best Time to Surf","how-to-read-a-surf-report-unlocking-the-secrets-of-a-great-day-to-surf","Inspiration","Surf Science & Conditions"
"How to Read a Surf Report: Know the Basics","how-to-read-a-surf-report","Inspiration","Surf Science & Conditions"
"How to Surf : Barrel Riding Tips","how-to-surf-barrel-riding-tips","Inspiration","Surf Science & Conditions"
"Icons of the Ocean: Profiles of 5 Legendary Surfers","5-best-surfers","Inspiration","Surf Culture & Lifestyle"
"Important Things to Know When Planning a Trip To Seminyak","surfing-in-seminyak","Inspiration","Surf Travel"
"Important Things to Know When Surfing Ekas Bay","surf-ekas-bay","Inspiration","Surf Travel"
"Is Bali Safe For Solo Female Travellers?","is-bali-safe-for-solo-female-travellers","Bali; Inspiration","Surf Travel"
"Is Surfing Hard? Unveiling the Challenges and Thrills of Riding the Waves","is-surfing-hard","Inspiration","Learn to Surf"
"Jaco, Costa Rica: A Surfer’s Guide To The Best Waves & Nightlife","jaco-costa-rica","Costa Rica","Surf Travel"
"Join the Best Surf School in Nicaragua – Rapture Surfcamps","surf-school-nicaragua","Nicaragua","Surf Travel"
"Key Features to Look for in Costa Rica Beachfront Hotels","what-to-look-for-in-costa-rica-hotels","Costa Rica","Surf Travel"
"LEARN HOW TO DUCK DIVE","learn-how-to-duck-dive","Inspiration","Learn to Surf"
"La Paz Waterfall Gardens: Costa Rica’s Most Beautiful Rainforest","la-paz-waterfall-gardens","Inspiration","Surf Travel"
"Learn How to Read the Surf Forecast","learn-how-to-read-the-surf-forecast","Inspiration","Surf Science & Conditions"
"Learn The Lingo: The Languages Of Indonesia","the-languages-of-indonesia","Bali; Inspiration","Surf Culture & Lifestyle"
"Learn To Surf! 8 Surfing Tips For Beginners","beginner-surfer-tips","Inspiration","Learn to Surf"
"Learn to Surf at the Best Surf Camp in Bali – Rapture Surfcamps","surf-school-bali","Bali","Surf Travel"
"Learn to surf in Costa Rica: a beginner's guide","learn-to-surf-in-costa-rica-a-beginner-s-guide","Costa Rica","Learn to Surf"
"Learning to Surf: A Beginners Guide to Surfing Mastery","beginners-guide-to-surfing","Inspiration","Learn to Surf"
"Local Flavours and Thrills: A Guide to the Area Around Green Bowl Surf Camp","best-places-to-eat-near-green-bowl","Bali","Surf Culture & Lifestyle"
"Longboard Vs Shortboard: What’s The Difference?","longboard-vs-shortboard","Inspiration","Surf Equipment & Gear"
"Manuel Antonio National Park: A Guide To Costa Rica’s Most Popular Park","manuel-antonio-national-park","Inspiration","Surf Travel"
"Mastering Duck Diving: Techniques For Surfers","mastering-duck-diving-techniques-for-surfers","Inspiration","Learn to Surf"
"Mastering The Art Of Longboard Surf: Tips For Beginners","the-art-of-longboard-surf","Inspiration","Surf Culture & Lifestyle"
"Mastering The Waves With Off-Peak Surf Lessons in Bali’s Tropical Waters","off-peak-surf-lessons-in-bali","Bali","Learn to Surf"
"Medewi Surf Guide: Bali’s Longest Left-Hand Wave","medewi-surf-guide","Bali","Surf Travel"
"Mentawai Islands: The Perfect Tropical Getaway for Adventure Seekers","mentawai-islands-the-perfect-tropical-getaway-for-adventure-seekers","Inspiration","Surf Travel"
"Mount Batur Trekking: A Surfer’s High Beyond The Ocean","mount-batur-bali","Bali","Surf Travel"
"Nazaré: Home To The World’s Biggest Waves","nazare-waves","Portugal","Surf Travel"
"Nicaragua Travel Guide – What you Need to Know before Visiting","nicaragua-travel-guide-what-you-need-to-know","Inspiration","Surf Travel"
"Nicaragua vs Costa Rica: Which Surf Destination Is Right For You?","nicaragua-vs-costa-rica","Costa Rica; Nicaragua","Surf Travel"
"Nightlife in Ericeira: Best Bars and Entertainment Options","nightlife-in-ericeira","Portugal","Surf Travel"
"One Week In Costa Rica: The Perfect Travel Itinerary","one-week-in-costa-rica-travel-itinerary","Costa Rica","Surf Travel"
"Origins of Surfing: Tracing the Roots of the Sport","origins-of-surfing-from-ancient-rituals-to-modern-surfing-history","Inspiration","Surf Culture & Lifestyle"
"Packing Tips for Hitting the Best Bali Surf Spots","packing-essentials-bali-surfing","Inspiration","Surf Travel"
"Planning Surf Holidays In Portugal? Here’s All You Need To Know","surf-holidays-portugal","Portugal","Surf Travel"
"Planning a Tropical Surf Trip? Don’t Forget to Pack these 10 Essentials!","planning-a-surf-trip-to-the-tropics-10-essentials-you-shouldnt-forget","Inspiration","Surf Equipment & Gear"
"Portugal In October: Top Surf Spots You Can’t Miss","portugal-in-october","Portugal","Surf Travel"
"Portugal Makes Waves: Liga MEO Pro Surf and Another Big Wave World Record for Garrett McNamara?","portugal-makes-waves-liga-meo-pro-surf-and-another-big-wave-record","Portugal","Surf Travel"
"Portugal Travel Guide 2024 – All You Need to Know Before you Plan a Trip","portugal-travel-guide-all-you-need-to-know-before-you-plan-a-trip","Inspiration","Surf Travel"
"Premium Surf Rental now in Bali","awayco-light-gearless-travelling","Bali","Surf Equipment & Gear"
"Pura Vida in Costa Rica: What does it actually mean?","pura-vida-in-costa-rica-what-does-it-actually-mean","Costa Rica","Surf Travel"
"Rain or Shine: Why Surfing Bali in the Rainy Season is Worth It?","surf-bali-rainy-season","Bali","Surf Travel"
"Rapture’s surf camp in Nicaragua is hosting ISA surf coaching courses in November","raptures-surf-camp-nicaragua-hosting-isa-surf-coaching-courses","Nicaragua","Learn to Surf"
"Riding the Wave of Sustainability – Eco-Friendly Surfing Tips","how-to-surf-eco-friendly","Inspiration","Surf Travel"
"Rio Celeste: The Magical Blue River In Costa Rica","rio-celeste","Costa Rica","Surf Travel"
"Safety First: A Surfer’s Guide to Navigating Beach Signs and Flags","beach-signs-and-flags","Inspiration","Surf Health & Safety"
"Savoring Tamarindo: A Surfers Guide To The Best Eats","best-eats-in-tamarindo","Inspiration","Surf Travel"
"Sawu Islands: Off-beat Indonesian Spot To Visit","visit-sawu-island","Inspiration","Surf Travel"
"Say Goodbye To Wetsuit Rash With These Proven Solutions","a-guide-to-wetsuit-rash","Inspiration","Surf Equipment & Gear"
"Shred The Waves: Surf Workout Plans For All Levels","surf-workout-plans","Inspiration","Surf Fitness & Training"
"Sip, Surf, and Socialise: Best Hangouts in Tamarindo","best-hangouts-in-tamarindo","Costa Rica","Surf Travel"
"Solo Trip to Portugal: Surf, Explore, and Relax with Rapturecamps","solo-trip-to-portugal","Portugal","Surf Travel"
"Solo Trip to Portugal_ Surf, Explore, and Relax with Rapturecamps","solo-trip-to-portugal-surf-explore-and-relax-with-rapturecamps","Inspiration","Surf Travel"
"Stay and Surf: A Comprehensive Tour of Green Bowl Surf Camp Amenities","tour-of-green-bowl-surf-camp","Bali","Surf Travel"
"Suit Up: Choosing the Right Wetsuit for Your Surfing Adventure","the-best-wetsuit-for-surfing","Inspiration","Surf Equipment & Gear"
"Sumatra Surf Spots: A Guide To The Best Waves","sumatra-surf-spots","Bali","Surf Travel"
"Surf And Sun: Costa Rica’s Year-Round Surfing Seasons","year-round-surfing-costa-rica","Costa Rica","Surf Travel"
"Surf Crowd-free in Vila Nova de Milfontes","surf-crowd-free-in-vila-nova-de-milfontes","Inspiration","Surf Travel"
"Surf Legends: Inspirational Stories from the Big Waves","surf-legends-inspirational-stories","Inspiration","Surf Culture & Lifestyle"
"Surf Lessons in Bali – Tips to Choose the Right Surf Camp for You","tips-to-choose-surf-lessons-in-bali","Inspiration","Surf Travel"
"Surf Lessons in Nicaragua – Central America’s Surfing Hotspot","surf-lessons-in-nicaragua-heres-what-you-need-to-know","Nicaragua","Surf Travel"
"Surf Lessons in Portugal – The Best European Country to Learn the Art of Surfing","surf-lessons-in-ericeira-portugal","Portugal","Surf Travel"
"Surf Lingo: Learn the Language of the Ocean","surfer-lingo-and-surfing-terms","Inspiration","Surf Culture & Lifestyle"
"Surf Skate – Everything You Need to Know","surf-skate-what-you-need-to-know","Inspiration","Surf Fitness & Training"
"Surf Uncrowded Waves in Vila Nova de Milfontes","surf-uncrowded-waves-in-vila-nova-de-milfontes","Inspiration; Portugal","Surf Travel"
"Surf in Nicaragua in the Rainy Season","rainy-season-surf-nicaragua","Nicaragua","Surf Travel"
"Surfboard Anatomy 101: Breaking Down the Different Components","surfboard-anatomy-101-breaking-down-the-different-components","Inspiration","Surf Equipment & Gear"
"Surfer Diet: What To Eat When You’re Surfing","surfer-diet","Inspiration","Surf Health & Safety"
"Surfer Hair: A Complete Guide To Care And Styling","a-guide-to-surfer-hair","Inspiration","Surf Culture & Lifestyle"
"Surfing And Relaxing At Legian Beach, Bali","legian-beach-bali","Bali","Surf Travel"
"Surfing At Night: Tips, Gear, And Safety","surfing-at-night","Inspiration","Surf Culture & Lifestyle"
"Surfing Ericeira – Europe’s Only World Surfing Reserve","surf-ericeira","Portugal","Surf Travel"
"Surfing For Beginners: How To Ride The Waves With Confidence","surfing-for-beginners","Inspiration","Learn to Surf"
"Surfing In Lombok – Indonesia Surf Gem","surfing-in-lombok","Inspiration","Surf Travel"
"Surfing In Madeira: Hidden Spots For Surfers","surfing-in-madeira","Portugal","Surf Travel"
"Surfing In The Azores: A Guide To Portugal’s Island Waves","surfing-in-the-azores","Portugal","Surf Travel"
"Surfing Lessons 101: Everything You Need to Know to Get Started","surfing-lessons-101","Inspiration","Learn to Surf"
"Surfing Lessons in Portugal: Europe’s Best Place to Learn  Surfing","surf-lessons-in-portugal-the-best-country-in-europe-to-learn-the-art-of-surfing","Portugal","Surf Travel"
"Surfing Mistakes (And Tips To Fix Them)","mistakes-you-make-as-a-surfer-and-tips-on-how-to-fix-them","Inspiration","Surf Health & Safety"
"Surfing Safely in Bali: Rapture Surfcamps’ Commitment to Safety Standards","surfing-safely-in-bali-surf-camps","Inspiration","Surf Health & Safety"
"Surfing Safety: Tips for Staying Safe on Costa Rica’s Waves","surfing-safety-tips-in-costa-rica","Costa Rica","Surf Travel"
"Surfing Uluwatu in Bali –  World-Class Reef Breaks in Bali","surfing-uluwatu","Bali","Surf Travel"
"Surfing at the 2024 Paris Olympics","surfing-at-the-2024-paris-olympics","Inspiration","Surf Culture & Lifestyle"
"Surfing in Green Bowl – Here’s All You Need to Know","surfing-in-green-bowl-heres-all-you-need-to-know","Inspiration","Surf Travel"
"Surfing in Padang Padang","surfing-in-padang-padang","Inspiration","Surf Travel"
"Surfing in Padang Padang – Bali’s Most Celebrated Surf Spot","surfing-padang-padang","Bali","Surf Travel"
"Surfing in Portugal – A Brief History of the Sport in the Country","surfing-in-portugal-a-brief-history","Portugal","Surf Culture & Lifestyle"
"Surfing in Sumbawa – Indonesia Surf Gem","surfing-in-sumbawa","Inspiration","Surf Travel"
"Surfing into the Holidays- Have a Merry Christmas on the Waves","surfing-into-the-holidays-have-a-merry-christmas-on-the-waves","Inspiration","Surf Travel"
"Surfing with an Apple Watch","surfing-with-an-apple-watch","Inspiration","Surf Equipment & Gear"
"Swap Snow For Surf: Why Bali Is The Perfect Winter Escape","bali-winter-escape","Bali","Surf Travel"
"Swimsuits For Surfing","swimsuits-for-surfing","Inspiration","Surf Equipment & Gear"
"The 13 Best Beaches in Bali","the-13-best-beaches-in-bali","Bali","Surf Travel"
"The 7 Best Surf Camps in the World","the-7-best-surf-camps-in-the-world","Inspiration","Surf Travel"
"The 7 Spots for Surfing in Bali for Beginners","best-beginner-surf-spots-in-bali","Inspiration","Surf Travel"
"The Best Beaches In Bali","the-best-beaches-in-bali","Inspiration","Surf Travel"
"The Best Soft Top Surfboards For Beginners And Beyond","the-best-soft-top-surfboards","Inspiration","Learn to Surf"
"The Best Surf Clothing Brands in 2025","the-best-surf-clothing-brands-in-2025","Inspiration","Surf Equipment & Gear"
"The Different Types of Surfing","types-of-surfing","Inspiration","Surf Science & Conditions"
"The Evolution Of Surfboard Designs","the-evolution-of-surfboard-designs","Inspiration","Surf Science & Conditions"
"The Meaning And History Of Shaka","the-meaning-and-history-of-shaka","Inspiration","Surf Culture & Lifestyle"
"The Most Beautiful Beaches In Costa Rica","the-most-beautiful-beaches-in-costa-rica","Inspiration","Surf Travel"
"The Power of Square Waves: Everything Surfers Need to Know","square-waves","Inspiration","Surf Science & Conditions"
"The Ultimate Bali Travel Guide: How to Plan Your Dream Vacation","the-ultimate-bali-travel-guide","Inspiration","Surf Travel"
"The Ultimate Couple Getaway? How About a Surf And Yoga Trip To Portugal","the-ultimate-couples-getaway-our-surf-camp-in-portugal","Portugal","Surf Travel"
"The Ultimate Guide To Nusa Lembongan","the-ultimate-guide-to-nusa-lembongan","Bali","Surf Travel"
"The Ultimate Guide to Surfing in Portugal","the-ultimate-guide-to-surfing-portugal","Portugal","Surf Travel"
"The Ultimate Guide to the Best Places to Live for Surfers","the-best-places-to-live-for-surfers","Inspiration","Surf Travel"
"The Ultimate Sunscreen Guide For Surfers","sunscreen-for-surfers","Inspiration","Surf Health & Safety"
"The Unspoken Rules of Surfing – A Guide to Surf Etiquette","surf-etiquette-for-surfers","Inspiration","Surf Travel"
"Things to Know Before Travelling to Nicaragua","things-to-know-before-travelling-to-nicaragua","Inspiration","Surf Travel"
"Things to do in Nicaragua","things-to-do-in-nicaragua","Inspiration","Surf Travel"
"Tidal Bore Surfing Explained","tidal-bore-surfing-explained","Inspiration","Surf Science & Conditions"
"Tips For Booking The Right Surf Camp In Bali","booking-the-best-surf-camp-in-bali","Inspiration","Surf Travel"
"Tips to Pull off the Most Epic Surf Trip to Portugal","how-to-pull-off-a-surf-trip-in-portugal-this-summer","Portugal","Surf Travel"
"Top 10 Most Dangerous Surf Spots In The World","top-10-most-dangerous-surf-spots-in-the-world","Inspiration","Surf Travel"
"Top 10 Surf Documentaries Of All Time","top-10-surf-documentaries-of-all-time","Inspiration","Surf Culture & Lifestyle"
"Top 10 Things To Do In Ubud, Bali","top-10-things-to-do-in-ubud-bali","Bali","Surf Travel"
"Top 10 Things To Do in Tamarindo, Costa Rica","what-to-see-in-tamarindo-costa-rica","Costa Rica; Inspiration","Surf Travel"
"Top 13 Restaurants in Ericeira","places-to-eat-and-drink-in-ericeira","Portugal","Surf Travel"
"Top 15 Interesting Facts About Surfing","top-15-facts-about-surfing","Inspiration","Surf Culture & Lifestyle"
"Top 6 Spots for Surfing in Nicaragua(for Beginners)","the-6-best-beginner-surf-beaches-in-nicaragua","Nicaragua","Surf Travel"
"Top 8 Surfing Spots (with map) around Playa Avellanas, Costa Rica","top-surf-spots-around-playa-avellanas-costa-rica","Costa Rica","Surf Travel"
"Top Destinations To Go Surfing in October 2025","surfing-in-october","Inspiration","Surf Travel"
"Top-Rated Gifts for Surfers: 2024 Must-Haves","gifts-for-surfers-2024","Inspiration","Surf Equipment & Gear"
"Traveling Solo In Bali","travelling-solo-in-bali","Bali","Surf Travel"
"Ultimate Guide To Surfing In Kuta Lombok","surfing-in-kuta-lombok","Inspiration","Surf Travel"
"Ultimate Guide To Surfing Mentawai Islands","surfing-mentawai-islands","Inspiration","Surf Travel"
"Ultimate Guide to Planning the Perfect Family Surf Trip","the-safest-family-friendly-surf-destinations-around-the-world","Inspiration","Surf Travel"
"Ultimate Guide to Surf Camps in Bali: Why Rapturecamps Stands Out","ultimate-guide-to-surf-camps-in-bali-why-rapturecamps-stands-out","Inspiration","Surf Travel"
"Ultimate Guide to Surfing in Sayulita","surfing-in-sayulita","Inspiration","Surf Travel"
"Ultimate Indonesia Travel Guide For 2024","ultimate-indonesia-travel-guide","Inspiration","Surf Travel"
"Understanding Ocean Waves: What Is A Swell?","what-is-a-swell","Inspiration","Surf Science & Conditions"
"Unleash Your Inner Wave Rider: The Ultimate Guide to Surfing Camps","ultimate-guide-to-surfing-camps","Inspiration","Surf Travel"
"Vila Nova De Milfontes: The Hidden Gem Of Portuguese Surfing","vila-nova-de-milfontes-the-hidden-gem-of-portuguese-surfing","Inspiration; Portugal","Surf Travel"
"Visiting Mentawai Islands? Here’s All You Need To Know","visiting-mentawai-islands","Inspiration","Surf Travel"
"Volcán Poás: A Guide To Costa Rica’s Stunning Crater Volcano","volcan-poas-a-guide-to-costa-ricas-stunning-crater-volcano","Costa Rica","Surf Travel"
"Waimea Bay: The Birthplace Of Big Wave Surfing","waimea-bay","Inspiration","Surf Culture & Lifestyle"
"Whale Watching In Uvita: When & Where To See These Gentle Giants","whale-watching-in-uvita","Costa Rica","Surf Travel"
"What Are Surf Booties? Do You Need Them?","what-are-surf-booties","Inspiration","Surf Equipment & Gear"
"What Is A Hang 10 And How Is It Done?","what-is-a-hang-10","Inspiration","Learn to Surf"
"What Is A Kook: Surf Slang Explained","what-is-a-kook","Inspiration","Surf Culture & Lifestyle"
"What Is A Wind Swell?","what-is-a-wind-swell","Inspiration","Surf Science & Conditions"
"What Is Surfer’s Eye: Causes, Symptoms, And Prevention","what-is-surfers-eye","Inspiration","Surf Health & Safety"
"What Is The Cost Of Living In Bali?","what-is-the-cost-of-living-in-bali","Bali","Surf Travel"
"What Is Windsurfing: How Does It Differ From Normal Surfing?","what-is-windsurfing","Inspiration","Surf Culture & Lifestyle"
"What Is a Point Break and Why Do Surfers Love It?","what-is-a-point-break","Inspiration","Surf Science & Conditions"
"What Is an Electric Surfboard?","what-is-an-electric-surfboard","Inspiration","Surf Equipment & Gear"
"What Muscles Does Surfing Work?","what-muscles-does-surfing-work","Inspiration","Surf Fitness & Training"
"What is Bali Belly? How to prevent it? What to do if you get it?","what-is-bali-belly","Inspiration","Surf Health & Safety"
"What is a Riptide and How to Avoid Getting Caught","what-is-a-riptide","Inspiration","Surf Science & Conditions"
"What is the Difference between a Surf Camp, a Surf House and a Surf School?","should-i-book-a-surf-camp-or-a-surf-school","Inspiration","Surf Travel"
"What to Expect on your Surf Trip to Portugal?","what-to-know-before-booking-a-surf-camp-in-portugal","Portugal","Surf Travel"
"What to Know About Travel Insurance for Your Surf Trip","surf-trip-insurance","Bali; Costa Rica; Nicaragua","Surf Health & Safety"
"When Is the Best Time to Visit Bali?","when-is-the-best-time-to-visit-bali","Bali","Surf Travel"
"When is the Surf Season in Portugal?","whens-the-best-time-to-surf-in-portugal","Inspiration; Portugal","Surf Travel"
"Who Are The Best Surfers In The World In 2025?","best-surfers-in-the-world","Inspiration","Surf Culture & Lifestyle"
"Why Bali Is The Perfect Destination For Digital Nomads","bali-for-digital-nomads","Bali","Surf Travel"
"Why Hard Top Surfboards Are a Must-Have for Advanced Surfers","why-hard-top-surfboards-are-a-must-have-for-advanced-surfers","Inspiration","Surf Equipment & Gear"
"Why Learning to Surf Should Be Your New Year’s Resolution","new-year-new-hobby-why-learning-to-surf-should-be-your-resolution","Inspiration","Surf Health & Safety"
"Why The Algarve Is A Surfer’s Paradise: A Complete Guide","the-algarve-a-complete-guide-for-surfers","Inspiration","Surf Travel"
"Why You Should Visit Costa Rica In The Rainy Season","why-you-should-visit-costa-rica-in-the-rainy-season","Costa Rica; Inspiration","Surf Travel"
"Yoga For Surfers – How to Use Yoga to Improve Your Surfing Skills","yoga-for-surfers-how-to-use-yoga-to-improve-your-surfing-skills","Inspiration","Surf Fitness & Training"
"Yoga Surf Camp in Bali: Bringing Zen and Thrill Together","yoga-surfcamp-bali","Bali","Surf Fitness & Training"
"Your 2024 Guide to Choosing Wetsuits For Surfing","choosing-wetsuits-for-surfing","Inspiration","Surf Equipment & Gear"
"Your Complete Guide To Surfing In Portugal: Tips, Tricks, And Top Spots","surfing-in-portugal-tips-and-tricks","Portugal","Surf Travel"