Status,Post Title,Post Language,Post Slug,Broken URL,Action Taken,New URL
"Needs manual review","10 Dinge, die man im schönen Ericeira gesehen haben muss: ein Top-Surfziel in Portugal","de","10-dinge-die-man-im-schonen-ericeira-gesehen-haben-muss-ein-top-surfziel-in-portugal","https://www.rapturecamps.com/de/blog/is-our-surf-camp- near-lisbon-right-for-you/","No auto-fix available",""
"Needs manual review","10 Dinge, die man im schönen Ericeira gesehen haben muss: ein Top-Surfziel in Portugal","de","10-dinge-die-man-im-schonen-ericeira-gesehen-haben-muss-ein-top-surfziel-in-portugal","/blog/6-types-of-guests-you- kannst-dich-mit-einem-treffen-in-unserem-surfcamp-portugal/","No auto-fix available",""
"Needs manual review","29 Reasons Why Everyone Loves Surfing","en","why-is-surfing-popular","/bali-surfcamp/surf-lessons","No auto-fix available",""
"Needs manual review","47 Surfing Terms To Speak Surf Like a Pro","en","speak-like-a-surfer","/bali-surfcamp/uluwatu","No auto-fix available",""
"Needs manual review","5 der besten Anfänger Surfstrände in Costa Rica","de","5-der-besten-surf-anfangerstrande-in-costa-rica","https://www.rapturecamps.com/de/blog/learn-to-surf-in-costa-rica-9-epic-reasons-why-you-should-go-right-now/","No auto-fix available",""
"Needs manual review","5 der besten Anfänger Surfstrände in Costa Rica","de","5-der-besten-surf-anfangerstrande-in-costa-rica","https://www.rapturecamps.com/de/blog/sollte-ich-ein-surfcamp-oder-eine-surfschule-buchen/","No auto-fix available",""
"Needs manual review","5 der besten Anfänger Surfstrände in Costa Rica","de","5-der-besten-surf-anfangerstrande-in-costa-rica","https://www.rapturecamps.com/de/blog/booking-a-surf-camp-heres-what-to-look-for-when-making-your -Entscheidung/","No auto-fix available",""
"Needs manual review","7 der verrücktesten Wellen der Welt und wo du sie findest","de","7-der-verrucktesten-wellen-der-welt-und-wo-du-sie-findest","https://www.rapturecamps.com/de/blog/top-5-surf-spots-in-playa-avellanas-costa-rica/","No auto-fix available",""
"Needs manual review","7 Reasons why booking a surf camp will be the best thing you ever do","en","book-surf-camp","/nicaragua-surfresort/surfing-nicaragua","No auto-fix available",""
"Needs manual review","7 Tips um auch ohne Surfen fit zu bleiben","de","7-tips-um-auch-ohne-surfen-fit-zu-bleiben","https://www.rapturecamps.com/de/blog/surfen-lernen-in-costa-rica-9-unschlagbare-grunde-warum-genau-jetzt/","No auto-fix available",""
"Needs manual review","7 Tips um auch ohne Surfen fit zu bleiben","de","7-tips-um-auch-ohne-surfen-fit-zu-bleiben","https://www.rapturecamps.com/de/blog/surfen-lernen-auf-bali-so-vermeidest-du-die-massen-bekommst-mehr-wellen/","No auto-fix available",""
"Needs manual review","8 Gründe warum Bali eine der besten Surf-Destinationen der Welt ist","de","8-grunde-warum-bali-eine-der-besten-surf-destinationen-der-welt-ist","https://www.rapturecamps.com/de/blog/keeping-it-real-in-bali/","No auto-fix available",""
"Needs manual review","9 Tips für die Planung deines Costa Rica Traum-Urlaubs","de","9-tips-fur-die-planung-deines-costa-rica-traumurlaubs","https://www.rapturecamps.com/de/blog/surfen-lernen-in-costa-rica-9-unschlagbare-grunde-warum-genau-jetzt/","No auto-fix available",""
"Needs manual review","Alles was du über unser Surfcamp in Costa Rica wissen musst","de","alles-was-du-uber-unser-camp-in-costa-rica-wissen-musst","https://www.rapturecamps.com/de/blog/packliste-fuer-eine-reise-nach-costarica-nicaragua/","No auto-fix available",""
"Needs manual review","Alles was du über unser Surfcamp in Costa Rica wissen musst","de","alles-was-du-uber-unser-camp-in-costa-rica-wissen-musst","https://www.rapturecamps.com/de/blog/surfkurse-costa-rica/","No auto-fix available",""
"Needs manual review","Alles was du über unser Surfcamp in Costa Rica wissen musst","de","alles-was-du-uber-unser-camp-in-costa-rica-wissen-musst","https://www.rapturecamps.com/de/blog/surfen-lernen-in-costa-rica-9-unschlagbare-grunde-warum-genau-jetzt/","No auto-fix available",""
"Needs manual review","Der ultimative Leitfaden zum Surfen in Portugal – Rapture Surfcamps","de","der-ultimative-leitfaden-zum-surfen-in-portugal-rapture-surfcamps","https://www.rapturecamps.com/de/blog/portugal-makes-waves-liga -meo-pro-surf-and-another-big-wave-record/","No auto-fix available",""
"Needs manual review","Die 5 besten Orte, um Surfen zu lernen","de","die-5-besten-orte-um-surfen-zu-lernen-rapture-surfcamps","https://www.rapturecamps.com/de/surfcamp/portugal/ericeira/","No auto-fix available",""
"Needs manual review","Die 7 besten Surfspots Portugals","de","die-7-besten-surfspots-portugals","https://www.rapturecamps.com/de/blog/surfkurse-in-ericeira-portugal/","No auto-fix available",""
"Needs manual review","Die 7 besten Surfspots Portugals","de","die-7-besten-surfspots-portugals","https://www.rapturecamps.com/de/surfcamp/portugal/ericeira/","No auto-fix available",""
"Needs manual review","Die Top 10 Aktivitäten in Playa Avellanas, Costa Rica","de","die-top-10-aktivitaeten-in-costa-rica-playa-avellanas","https://www.rapturecamps.com/de/blog/entdecke-tamarindo-costa-rica/","No auto-fix available",""
"Needs manual review","Die Top 10 Aktivitäten in Playa Avellanas, Costa Rica","de","die-top-10-aktivitaeten-in-costa-rica-playa-avellanas","https://www.rapturecamps.com/de/blog/entdecke-tamarindo-costa-rica/","No auto-fix available",""
"Needs manual review","Ein Surftrip in die Tropen? Das musst du einpacken!","de","du-planst-einen-surftrip-in-die-tropen-10-dinge-die-du-einpacken-musst","https://www.rapturecamps.com/de/blog/reisen-mit-einem-surfbrett-leicht-in-6-einfachen-schritten/","No auto-fix available",""
"Needs manual review","Ein Surftrip in die Tropen? Das musst du einpacken!","de","du-planst-einen-surftrip-in-die-tropen-10-dinge-die-du-einpacken-musst","https://www.rapturecamps.com/de/top-5-surf-spots-playa-avellanas-costa","No auto-fix available",""
"Needs manual review","Ein Surftrip in die Tropen? Das musst du einpacken!","de","du-planst-einen-surftrip-in-die-tropen-10-dinge-die-du-einpacken-musst","https://www.rapturecamps.com/de/packing-list-costa-rica-nicaragua/","No auto-fix available",""
"Needs manual review","Join the Best Surf School in Nicaragua – Rapture Surfcamps","en","surf-school-nicaragua","/surf-lessons-nicaragua-learn-to-surf-in-paradise-rapture-surfcamps","No auto-fix available",""
"Needs manual review","Nicaragua – Surfparadies mit tropischen Stränden","de","surfing-nicaragua","https://www.rapturecamps.com/de/blog/surf-playa-maderas-nicaragua/","No auto-fix available",""
"Needs manual review","Portugal Travel Guide 2024 – All You Need to Know Before you Plan a Trip","en","portugal-travel-guide-all-you-need-to-know-before-you-plan-a-trip","/blog/whens-the-best-time-to-surf-in-portugal/https://www.rapturecamps.com/blog/whens-the-best-time-to-surf-in-portugal","No auto-fix available",""
"Needs manual review","Surfen Ericeira","de","surfen-ericeira","https://www.rapturecamps.com/de/surfcamp/portugal/ericeira/","No auto-fix available",""
"Needs manual review","Surfen Ericeira","de","surfen-ericeira","https://www.rapturecamps.com/de/blog/surfkurse-in-ericeira-portugal/","No auto-fix available",""
"Needs manual review","Surfen Ericeira","de","surfen-ericeira","https://www.rapturecamps.com/de/surfcamp/portugal/ericeira/zimmer/","No auto-fix available",""
"Needs manual review","Surfen Ericeira","de","surfen-ericeira","https://www.rapturecamps.com/de/surfcamp/portugal/ericeira/","No auto-fix available",""
"Needs manual review","Surfen in Bali: Reisetips, Surfspots und versteckte Schätze","de","surfen-bali","https://www.rapturecamps.com/de/blog/surfen-lernen-auf-bali-so-vermeidest-du-die-massen-bekommst-mehr-wellen/","No auto-fix available",""
"Needs manual review","Surfen in Bali: Reisetips, Surfspots und versteckte Schätze","de","surfen-bali","https://www.rapturecamps.com/de/blog/surfen-lernen-auf-bali-so-vermeidest-du-die-massen-bekommst-mehr-wellen/","No auto-fix available",""
"Needs manual review","Surfen in Costa Rica: 9 unschlagbare Gründe warum genau jetzt","de","surfen-lernen-in-costa-rica-9-grunde","https://www.rapturecamps.com/de/ blog/10-dinge-to-do-playa-avellanas-costa-rica/","No auto-fix available",""
"Needs manual review","Surfen in Costa Rica: 9 unschlagbare Gründe warum genau jetzt","de","surfen-lernen-in-costa-rica-9-grunde","https://www.rapturecamps.com/de/blog/tips-for -surfen-in-costa-rica-mit-budget/","No auto-fix available",""
"Needs manual review","Surfen in Nicaragua während der Regenzeit","de","surfen-in-nicaragua-in-der-regenzeit","https://www.rapturecamps.com/de/blog/surfkurse-nicaragua/","No auto-fix available",""
"Needs manual review","Surfen in Portugal: ein kurzer Überlick über die Geschichte dahinter","de","surfen-in-portugal-ein-kurzer-uberlick-uber-die-geschichte-dahinter","https://www.rapturecamps.com/de/blog/ericeira-portugal-teil-des-ersten-internationalen-surf-netzwerks/","No auto-fix available",""
"Needs manual review","Surfen in Portugal: ein kurzer Überlick über die Geschichte dahinter","de","surfen-in-portugal-ein-kurzer-uberlick-uber-die-geschichte-dahinter","https://www.rapturecamps.com/de/blog/surfkurse-in-ericeira-portugal/","No auto-fix available",""
"Needs manual review","Surfen lernen auf Bali? 5 Tipps Massen vermeiden & mehr Wellen surfen","de","surfen-lernen-auf-bali-ohne-crowd","https://www.rapturecamps.com/de/surfcamp /bali/padang-padang/","No auto-fix available",""
"Needs manual review","Surfen lernen in Ericeira, Portugal: Europas Top Ziel für einen Surfkurs","de","surfen-lernen-in-ericeira-portugal","https://www.rapturecamps.com/de/blog/aktivitaten-in-ericeira/","No auto-fix available",""
"Needs manual review","Surfen lernen in Ericeira, Portugal: Europas Top Ziel für einen Surfkurs","de","surfen-lernen-in-ericeira-portugal","https://www.rapturecamps.com/de/surfcamp/portugal/ericeira/","No auto-fix available",""
"Needs manual review","Surfschule Costa Rica: Surf Lessons in Top-Qualität und in exklusiver Umgebung","de","surfschule-costa-rica","https://www.rapturecamps.com/de/top-5-surf-spots-in-playa-avellanas-costa-rica/","No auto-fix available",""
"Needs manual review","Surfschule Nicaragua","de","surfschule-nicaragua","https://www.rapturecamps.com/de/blog/surfkurse-nicaragua/","No auto-fix available",""
"Needs manual review","Surfschule Portugal: Ericeira & Alentejo","de","surfschule-portugal","https://www.rapturecamps.com/de/surfcamp/portugal/ericeira/","No auto-fix available",""
"Needs manual review","Surfschule Portugal: Ericeira & Alentejo","de","surfschule-portugal","https://www.rapturecamps.com/de/blog/surfkurse-in-ericeira-portugal/","No auto-fix available",""
"Needs manual review","Surfschule Portugal: Ericeira & Alentejo","de","surfschule-portugal","https://www.rapturecamps.com/de/blog/surfkurse-in-ericeira-portugal/","No auto-fix available",""
"Needs manual review","Surfurlaub Portugal","de","surfurlaub-portugal","https://www.rapturecamps.com/de/surfcamp/portugal/ericeira/","No auto-fix available",""
"Needs manual review","Surfurlaub Portugal","de","surfurlaub-portugal","https://www.rapturecamps.com/de/surfcamp/portugal/ericeira/","No auto-fix available",""
"Needs manual review","Surfurlaub Portugal","de","surfurlaub-portugal","https://www.rapturecamps.com/de/blog/surfkurse-in-ericeira-portugal/","No auto-fix available",""
"Needs manual review","Surfurlaub Portugal","de","surfurlaub-portugal","https://www.rapturecamps.com/de/surfcamp/portugal/ericeira/","No auto-fix available",""
"Needs manual review","Surfurlaub Portugal","de","surfurlaub-portugal","https://www.rapturecamps.com/de/surfcamp/portugal/ericeira/","No auto-fix available",""
"Needs manual review","Top 8 Surf Spots in der Umgebung von Playa Avellanas, Costa Rica","de","top-8-surf-spots-in-der-umgebung-von-playa-avellanas-costa-rica","https://www.rapturecamps.com/de/blog/entdecke-tamarindo-costa-rica/","No auto-fix available",""
"Needs manual review","Was du wissen solltest, bevor du ein Surfcamp in Bali buchst.","de","was-du-wissen-solltest-bevor-du-ein-surfcamp-in-bali-buchst","https://www.rapturecamps.com/de/blog/8-reasons-why-bali-is-one-of-the-best-surfing-destinations- in-the-world/","No auto-fix available",""
"Needs manual review","Yoga & Surfen Surfcamp in Portugal","de","yoga-surfcamp-portugal","https://www.rapturecamps.com/de/surfcamp/portugal/ericeira/","No auto-fix available",""
"Auto-fixed","10 Best Surf Spots in the World","en","top-10-surfing-destinations-in-the-world","http://edition.cnn.com/2013/06/30/travel/50-surf-spots/","Link removed (text kept)",""
"Auto-fixed","10 Dinge, die man im schönen Ericeira gesehen haben muss: ein Top-Surfziel in Portugal","de","10-dinge-die-man-im-schonen-ericeira-gesehen-haben-muss-ein-top-surfziel-in-portugal","https://www.rapturecamps.com/de/blog/surf-ericeira/","Replaced","/de/blog/surfen-ericeira"
"Auto-fixed","10 Dinge, die man im schönen Ericeira gesehen haben muss: ein Top-Surfziel in Portugal","de","10-dinge-die-man-im-schonen-ericeira-gesehen-haben-muss-ein-top-surfziel-in-portugal","https://www.rapturecamps.com/de/surfcamp/portugal/ericeira-lizandro/surf/ nehmen/ ","Replaced","/de/surfcamp/portugal/ericeira-lizandro"
"Auto-fixed","10 Dinge, die man im schönen Ericeira gesehen haben muss: ein Top-Surfziel in Portugal","de","10-dinge-die-man-im-schonen-ericeira-gesehen-haben-muss-ein-top-surfziel-in-portugal","https://www.rapturecamps.com/de/blog/from-our-surf-house-in-ericeira-paddle-to-purpose/","Replaced","/de/blog/aus-unserem-surf-haus-in-ericeira-paddle-to-purpose"
"Auto-fixed","10 Dinge, die man im schönen Ericeira gesehen haben muss: ein Top-Surfziel in Portugal","de","10-dinge-die-man-im-schonen-ericeira-gesehen-haben-muss-ein-top-surfziel-in-portugal","https://www.rapturecamps.com/de/blog/nightlife-in-ericeira/","Replaced","/de/blog/ericeiras-nachtleben-und-andere-aktivitaten"
"Auto-fixed","10 Dinge, die man im schönen Ericeira gesehen haben muss: ein Top-Surfziel in Portugal","de","10-dinge-die-man-im-schonen-ericeira-gesehen-haben-muss-ein-top-surfziel-in-portugal","https://www.rapturecamps.com/de/blog/surfing-in-portugal-a-brief-history/","Replaced","/de/blog/surfen-in-portugal-ein-kurzer-uberlick-uber-die-geschichte-dahinter"
"Auto-fixed","10 Gründe, noch heute mit dem Surfen anzufangen!","de","10-gruende-noch-heute-mit-dem-surfen-anzufangen","https://neuroscience.stanford.edu/news/what-me-worry","Link removed (text kept)",""
"Auto-fixed","10 Reasons to Start Surfing Today!","en","reasons-to-start-surfing-today","https://neuroscience.stanford.edu/news/what-me-worry","Link removed (text kept)",""
"Auto-fixed","10 Reasons to Start Surfing Today!","en","reasons-to-start-surfing-today","http://www.surfcamp.travel/bali/","Link removed (text kept)",""
"Auto-fixed","10 Reasons to Start Surfing Today!","en","reasons-to-start-surfing-today","http://www.surfcampinportugal.com/","Link removed (text kept)",""
"Auto-fixed","10 Things to Do in Playa Avellanas, Costa Rica","en","10-things-to-do-playa-avellanas-costa-rica","/what-to-see-in-tamarindo-costa-rica-rapture-surfcamps","Replaced","/blog/what-to-see-in-tamarindo-costa-rica"
"Auto-fixed","10 Unique and Incredibly Fun Things To Do In Costa Rica","en","10-fun-things-to-do-in-costa-rica","/blog/top-5-surf-spots-in-playa-avellanas-costa-rica","Replaced","/blog/top-surf-spots-around-playa-avellanas-costa-rica"
"Auto-fixed","10 Unique and Incredibly Fun Things To Do In Costa Rica","en","10-fun-things-to-do-in-costa-rica","/learn-to-surf-in-costa-rica-9-epic-reasons-why-you-should-go-right-now","Replaced","/blog/9-reasons-to-learn-to-surf-in-costa-rica"
"Auto-fixed","10 Unique and Incredibly Fun Things To Do In Costa Rica","en","10-fun-things-to-do-in-costa-rica","/planning-a-surf-trip-to-the-tropics-here-are-10-essentials-you-shouldnt-leave-home-without","Replaced","/blog/planning-a-surf-trip-to-the-tropics-10-essentials-you-shouldnt-forget"
"Auto-fixed","15 amazing things to do in Ericeira, Portugal","en","best-things-to-do-in-ericeira","/de/surfcamp/portugal/alentejo-milfontes/food/bacalhau-a-bras-kabeljau","Replaced","/de/surfcamp/portugal/alentejo-milfontes"
"Auto-fixed","19 Things to Pack on a Surf Trip to Nicaragua and Costa Rica","en","what-to-pack-for-costa-rica-and-nicaragua","/travel-insurance-for-your-surf-trip","Replaced","/blog/surf-trip-insurance"
"Auto-fixed","29 Reasons Why Everyone Loves Surfing","en","why-is-surfing-popular","http://surfcamp.travel/bali","Link removed (text kept)",""
"Auto-fixed","29 Reasons Why Everyone Loves Surfing","en","why-is-surfing-popular","http://surfcamp.travel/portugal","Link removed (text kept)",""
"Auto-fixed","47 Surfing Terms To Speak Surf Like a Pro","en","speak-like-a-surfer","/blog/visiting-playa-avellanas-costa-rica-rapture-surfcamps","Replaced","/blog/10-things-to-do-playa-avellanas-costa-rica"
"Auto-fixed","47 Surfing Terms To Speak Surf Like a Pro","en","speak-like-a-surfer","/meet-us-online","Replaced","/contact"
"Auto-fixed","5 der besten Anfänger Surfstrände in Costa Rica","de","5-der-besten-surf-anfangerstrande-in-costa-rica","https://www.rapturecamps.com/de/blog/what-to-pack-for-costa-rica-and-nicaragua/","Replaced","/de/blog/packliste-fur-deine-reise-nach-costa-rica-nicaragua"
"Auto-fixed","5 der besten Anfänger Surfstrände in Costa Rica","de","5-der-besten-surf-anfangerstrande-in-costa-rica","https://www.rapturecamps.com/de/blog/6-of-the-best-tips-for-beginner-surfers/","Replaced","/de/blog/die-6-hilfreichsten-tipps-fur-surf-anfanger"
"Auto-fixed","5 der besten Anfänger Surfstrände in Costa Rica","de","5-der-besten-surf-anfangerstrande-in-costa-rica","https://www.rapturecamps.com/de/blog/10-things-to-do-playa-avellanas-costa-rica/","Replaced","/de/blog/die-top-10-aktivitaeten-in-costa-rica-playa-avellanas"
"Auto-fixed","6 Gründe für deinen ersten Surfurlaub in Nicaragua","de","6-grunde-fur-deinen-ersten-surfurlaub-in-nicaragua","https://www.rapturecamps.com/de/surfcamp/nicaragua/maderas/surfen/","Replaced","/de/surfcamp/nicaragua/maderas"
"Auto-fixed","6 Important Tips for Travelling with a Surfboard","en","traveling-with-a-surfboard-made-easy-in-6-simple-steps","/surf-holidays-vacation-portugal","Replaced","/surfcamp/portugal"
"Auto-fixed","6 Ways to Improve Your Surfing Skills","en","how-to-improve-your-surfing-in-6-easy-steps","/blog/surf-school-in-portugal","Replaced","/blog/surf-lessons-in-portugal"
"Auto-fixed","7 der verrücktesten Wellen der Welt und wo du sie findest","de","7-der-verrucktesten-wellen-der-welt-und-wo-du-sie-findest","https://www.rapturecamps.com/de/surfcamp/portugal/ericeira-lizandro/surfen/","Replaced","/de/surfcamp/portugal/ericeira-lizandro"
"Auto-fixed","7 Reasons why booking a surf camp will be the best thing you ever do","en","book-surf-camp","/10-things-playa-avellanas-costa-rica","Replaced","/blog/10-things-to-do-playa-avellanas-costa-rica"
"Auto-fixed","7 Reasons why booking a surf camp will be the best thing you ever do","en","book-surf-camp","/portugal-surfcamp","Replaced","/surfcamp/portugal"
"Auto-fixed","7 Reasons why booking a surf camp will be the best thing you ever do","en","book-surf-camp","/costa-rica-surfcamp","Replaced","/surfcamp/costa-rica"
"Auto-fixed","8 Travel Tips for your Beginner Surf Trip to Bali","en","expert-travels-tips-first-learn-to-surf-trip-to-bali","/learning-to-surf-in-bali-heres-how-to-avoid-the-crowds-and-catch-more-waves","Replaced","/blog/avoid-crowd-and-catch-more-waves-in-bali"
"Auto-fixed","8 Travel Tips for your Beginner Surf Trip to Bali","en","expert-travels-tips-first-learn-to-surf-trip-to-bali","https://www.indonesia.travel/in/en/trip-ideas/visa-free-for-169-countries-to-travel-to-indonesia","Link removed (text kept)",""
"Auto-fixed","8 Travel Tips for your Beginner Surf Trip to Bali","en","expert-travels-tips-first-learn-to-surf-trip-to-bali","/surfing-bali-beginners-5-novice-surf-spots","Replaced","/blog/10-best-surf-spots-in-bali"
"Auto-fixed","8 Travel Tips for your Beginner Surf Trip to Bali","en","expert-travels-tips-first-learn-to-surf-trip-to-bali","/blog/surf-lessons-bali","Replaced","/blog/tips-to-choose-surf-lessons-in-bali"
"Auto-fixed","9 Expert Tips for a Memorable Surf Trip in Costa Rica","en","9-tips-to-help-you-plan-the-perfect-surf-trip-to-costa-rica","/costa-rica-surfcamp","Replaced","/surfcamp/costa-rica"
"Auto-fixed","9 Expert Tips for a Memorable Surf Trip in Costa Rica","en","9-tips-to-help-you-plan-the-perfect-surf-trip-to-costa-rica","/blog/learn-to-surf-in-costa-rica-9-epic-reasons-why-you-should-go-right-now","Replaced","/blog/9-reasons-to-learn-to-surf-in-costa-rica"
"Auto-fixed","9 Expert Tips for a Memorable Surf Trip in Costa Rica","en","9-tips-to-help-you-plan-the-perfect-surf-trip-to-costa-rica","/blog/planning-a-surf-trip-to-the-tropics-here-are-10-essentials-you-shouldnt-leave-home-without","Replaced","/blog/planning-a-surf-trip-to-the-tropics-10-essentials-you-shouldnt-forget"
"Auto-fixed","9 Expert Tips for a Memorable Surf Trip in Costa Rica","en","9-tips-to-help-you-plan-the-perfect-surf-trip-to-costa-rica","/costa-rica-surfcamp","Replaced","/surfcamp/costa-rica"
"Auto-fixed","9 Expert Tips for a Memorable Surf Trip in Costa Rica","en","9-tips-to-help-you-plan-the-perfect-surf-trip-to-costa-rica","/blog/learn-to-surf-in-costa-rica-9-epic-reasons-why-you-should-go-right-now","Replaced","/blog/9-reasons-to-learn-to-surf-in-costa-rica"
"Auto-fixed","A Guide to Surfing the Gili Islands","en","surfing-the-gili-islands","/7-things-to-do-on-the-gili-islands","Replaced","/blog/things-to-do-gili-islands"
"Auto-fixed","A message from Rapturecamps about COVID-19","en","rapturecamps-response-to-coronavirus","https://www.indonesia.travel/gb/en/news/additional-measures-of-the-indonesian-government-in-relation-to-covid-19-response","Link removed (text kept)",""
"Auto-fixed","A message from Rapturecamps about COVID-19","en","rapturecamps-response-to-coronavirus","https://apps.apple.com/pt/app/info-praia/id1467347173","Link removed (text kept)",""
"Auto-fixed","A message from Rapturecamps about COVID-19","en","rapturecamps-response-to-coronavirus","https://play.google.com/store/apps/details?id=pt.apambiente.info_praia&hl=pt_PT","Link removed (text kept)",""
"Auto-fixed","All About Booking Surf Lessons in Costa Rica","en","surf-camp-and-surf-lessons-in-costa-rica-everything-you-need-to-know","/blog/learn-to-surf-in-costa-rica-9-epic-reasons-why-you-should-go-right-now","Replaced","/blog/9-reasons-to-learn-to-surf-in-costa-rica"
"Auto-fixed","Alles was du über unser Surfcamp in Costa Rica wissen musst","de","alles-was-du-uber-unser-camp-in-costa-rica-wissen-musst","https://www.rapturecamps.com/de/surfcamp/costa-rica/avellanas/zimmer/","Replaced","/de/surfcamp/costa-rica/avellanas"
"Auto-fixed","Awayco – Leichtes Reisen ohne Surfboard","de","awayco-leichtes-reisen-ohne-surfboard","willkommen","Link removed (text kept)",""
"Auto-fixed","Bali Beyond the Beaches – Things to Do and Places to See in Bali","en","the-real-bali-ubud-and-uluwatu","/destinations/bali","Replaced","/surfcamp/bali"
"Auto-fixed","Bali Nightlife: From Sunset to Sunrise","en","nightlife-in-bali","/de/surfcamp/bali/canggu","Replaced","/de/surfcamp/bali"
"Auto-fixed","Bali Surf Resorts –  Your Gateway to World-Class Waves and Tropical Bliss","en","surf-resort-bali","/blog/surf-tips-beginners-learn-to-surf","Replaced","/blog/surf-tips-beginners"
"Auto-fixed","Best Surf Bikinis: Comfort, Style, And Performance","en","best-surf-bikinis","/blog/the-best-surf-clothing-brands-in-2024","Replaced","/blog/the-best-surf-clothing-brands-in-2025"
"Auto-fixed","Best Surf Camp Near Lisbon – 7 Reasons Why its Rapture Surfcamps!","en","is-our-surf-camp-near-lisbon-right-for-you","/blog/booking-a-surf-camp-heres-what-to-look-for-when-making-your-decision","Replaced","/blog/what-to-look-for-when-booking-a-surf-camp"
"Auto-fixed","Best Surf Camp Near Lisbon – 7 Reasons Why its Rapture Surfcamps!","en","is-our-surf-camp-near-lisbon-right-for-you","/blog/surf-school-in-portugal","Replaced","/blog/surf-lessons-in-portugal"
"Auto-fixed","Best Surf Camp Near Lisbon – 7 Reasons Why its Rapture Surfcamps!","en","is-our-surf-camp-near-lisbon-right-for-you","/blog/booking-a-surf-camp-in-portugal-these-are-the-things-you-need-to-know-before-you-go","Replaced","/blog/what-to-know-before-booking-a-surf-camp-in-portugal"
"Auto-fixed","Best Surf Camp Near Lisbon – 7 Reasons Why its Rapture Surfcamps!","en","is-our-surf-camp-near-lisbon-right-for-you","/blog/booking-a-surf-camp-in-portugal-these-are-the-things-you-need-to-know-before-you-go","Replaced","/blog/what-to-know-before-booking-a-surf-camp-in-portugal"
"Auto-fixed","Booking a surf camp? Guide to Choosing the Right One","en","what-to-look-for-when-booking-a-surf-camp","/blog/visiting-playa-avellanas-costa-rica-rapture-surfcamps","Replaced","/blog/10-things-to-do-playa-avellanas-costa-rica"
"Auto-fixed","Booking a surf camp? Guide to Choosing the Right One","en","what-to-look-for-when-booking-a-surf-camp","/bali-surf-lessons-promo","Replaced","/surfcamp/bali"
"Auto-fixed","Booking a surf camp? Guide to Choosing the Right One","en","what-to-look-for-when-booking-a-surf-camp","/blog/booking-a-surf-camp-in-portugal-these-are-the-things-you-need-to-know-before-you-go","Replaced","/blog/what-to-know-before-booking-a-surf-camp-in-portugal"
"Auto-fixed","Catch The Perfect Wave: A Surfer’s Handbook To Canggu","en","catch-the-perfect-wave-a-surfers-handbook-to-canggu","/surfcamp/bali/canggu","Replaced","/surfcamp/bali"
"Auto-fixed","Catch The Perfect Wave: A Surfer’s Handbook To Canggu","en","catch-the-perfect-wave-a-surfers-handbook-to-canggu","/surfcamp/bali/canggu/surf","Replaced","/surfcamp/bali"
"Auto-fixed","Co-Living Ericeira, Portugal","en","co-living-ericeira-villa","/de/kontakt","Replaced","/contact"
"Auto-fixed","Darum solltest du Bali in der Regenzeit besuchen","de","warum-bali-in-der-regenzeit-besuchen-und-surfen","https://www.rapturecamps.com/de/blog/surfing-uluwatu/","Replaced","/de/blog/surfen-uluwatu"
"Auto-fixed","Der ultimative Leitfaden zum Surfen in Portugal – Rapture Surfcamps","de","der-ultimative-leitfaden-zum-surfen-in-portugal-rapture-surfcamps","https://www.rapturecamps.com/de/blog/surf-ericeira/","Replaced","/de/blog/surfen-ericeira"
"Auto-fixed","Die 10 besten Surfspots der Welt","de","die-10-besten-surfspots-der-welt","http://www.hotelclub.com/blog/10-of-the-worlds-best-surf-spots/","Link removed (text kept)",""
"Auto-fixed","Die 10 besten Surfspots der Welt","de","die-10-besten-surfspots-der-welt","http://edition.cnn.com/2013/06/30/travel/50-surf-spots/","Link removed (text kept)",""
"Auto-fixed","Die 10 Top Aktivitäten in Tamarindo, Costa Rica","de","die-10-top-aktivitaten-in-tamarindo-costa-rica","https://www.rapturecamps.com/top-5-surf-spots-in-playa-avellanas-costa-rica/","Replaced","/blog/top-surf-spots-around-playa-avellanas-costa-rica"
"Auto-fixed","Die 5 besten Orte, um Surfen zu lernen","de","die-5-besten-orte-um-surfen-zu-lernen-rapture-surfcamps","https://www.rapturecamps.com/surfing-uluwatu/","Replaced","/blog/surfing-uluwatu"
"Auto-fixed","Die 5 besten Orte, um Surfen zu lernen","de","die-5-besten-orte-um-surfen-zu-lernen-rapture-surfcamps","https://www.rapturecamps.com/surfing-padang-padang/","Replaced","/blog/surfing-padang-padang"
"Auto-fixed","Die besten Surfspots für Anfänger auf Bali","de","besten-surfspots-fur-anfanger-auf-bali","https://www.rapturecamps.com/blog/surf-tips-beginners-learn-to-surf/","Replaced","/blog/surf-tips-beginners"
"Auto-fixed","Die besten Surfspots für Anfänger auf Bali","de","besten-surfspots-fur-anfanger-auf-bali","https://balibelly.com/bingin/","Link removed (text kept)",""
"Auto-fixed","Die besten Surfspots für Anfänger auf Bali","de","besten-surfspots-fur-anfanger-auf-bali","https://www.rapturecamps.com/de/blog/surf-school-bali/","Replaced","/de/blog/surfschule-bali"
"Auto-fixed","Die besten Surfspots für Anfänger auf Bali","de","besten-surfspots-fur-anfanger-auf-bali","https://www.rapturecamps.com/de/blog/surf-school-bali/","Replaced","/de/blog/surfschule-bali"
"Auto-fixed","Eco Surf Rescue Uluwatu: Keeping Uluwatu Clean!","en","eco-surf-rescue-uluwatu","https://xgames.espn.go.com/article/7265532/eco-warrior-james-pribram-returns-uluwatu-mission","Link removed (text kept)",""
"Auto-fixed","Eco Surf Rescue Uluwatu! Öko Surf Rettung Uluwatu!","de","eco-surf-rescue-uluwatu","https://xgames.espn.go.com/article/7265532/eco-warrior-james-pribram-returns-uluwatu-mission","Link removed (text kept)",""
"Auto-fixed","Ein Surftrip in die Tropen? Das musst du einpacken!","de","du-planst-einen-surftrip-in-die-tropen-10-dinge-die-du-einpacken-musst","https://www.rapturecamps.com/de/blog/the-waves-in-nicaragua-are-always-offshore/","Replaced","/de/blog/sind-die-wellen-in-nicaragua-immer-offshore"
"Auto-fixed","Ein Surftrip in die Tropen? Das musst du einpacken!","de","du-planst-einen-surftrip-in-die-tropen-10-dinge-die-du-einpacken-musst","https://www.rapturecamps.com/de/costa-rica-surfcamp/","Replaced","/de/surfcamp/costa-rica"
"Auto-fixed","Entfessele deinen inneren Wellenreiter: Der ultimative Leitfaden für Surfcamps","de","ultimativer-leitfaden-fuer-surfcamps","https://www.rapturecamps.com/de/surfcamp/marokko/banana-village/","Replaced","/de/surfcamp/morocco"
"Auto-fixed","Entfessele deinen inneren Wellenreiter: Der ultimative Leitfaden für Surfcamps","de","ultimativer-leitfaden-fuer-surfcamps","https://www.rapturecamps.com/de/kontakt/","Replaced","/contact"
"Auto-fixed","Ericeiras Umgebung: Portugal erkunden","de","portugal-was-du-unbedingt-sehen-und-tuen-solltest","https://www.rapturecamps.com/de/blog/best-things-to-do-in-ericeira/","Replaced","/de/blog/10-dinge-die-man-im-schonen-ericeira-gesehen-haben-muss-ein-top-surfziel-in-portugal"
"Auto-fixed","From Beginner to Pro: Top Surf Camps in Costa Rica for Every Skill Level","en","surf-school-costa-rica","/visiting-playa-avellanas-costa-rica-rapture-surfcamps","Replaced","/blog/10-things-to-do-playa-avellanas-costa-rica"
"Auto-fixed","From Beginner to Pro: Top Surf Camps in Costa Rica for Every Skill Level","en","surf-school-costa-rica","/top-5-surf-spots-in-playa-avellanas-costa-rica","Replaced","/blog/top-surf-spots-around-playa-avellanas-costa-rica"
"Auto-fixed","From Beginner to Pro: Top Surf Camps in Costa Rica for Every Skill Level","en","surf-school-costa-rica","/blog/top-5-surf-spots-in-playa-avellanas-costa-rica","Replaced","/blog/top-surf-spots-around-playa-avellanas-costa-rica"
"Auto-fixed","From Downward Dog to Hang Ten: The Ultimate Yoga Surfcamp Experience in Portugal","en","yoga-surfcamp-portugal","/blog/7-of-portugals-best-surf-spots","Replaced","/blog/portugal-best-surf-spots"
"Auto-fixed","Geschichte-Macher: Die 10 größten jemals gesurften Wellen","de","geschichte-macher-die-10-groessten-jemals-gesurften-wellen","https://www.rapturecamps.com/de/surfcamp/marokko/banana-village/","Replaced","/de/surfcamp/morocco"
"Auto-fixed","How to Dress like a Surfer? 12 Tips to Get Started","en","how-to-style-like-a-surfer-rapturecamps","https://shop.rapturecamps.com/","Link removed (text kept)",""
"Auto-fixed","Ist Surfen schwer?
Die Herausforderungen und Nervenkitzel des Wellenreitens enthüllen","de","ist-surfen-schwer","https://www.rapturecamps.com/de/kontakt/","Replaced","/contact"
"Auto-fixed","Learn to Surf at the Best Surf Camp in Bali – Rapture Surfcamps","en","surf-school-bali","/blog/surf-tips-beginners-learn-to-surf","Replaced","/blog/surf-tips-beginners"
"Auto-fixed","Learn to Surf at the Best Surf Camp in Bali – Rapture Surfcamps","en","surf-school-bali","/blog/surf-tips-beginners-learn-to-surf","Replaced","/blog/surf-tips-beginners"
"Auto-fixed","Nicaragua Travel Guide – What you Need to Know before Visiting","en","nicaragua-travel-guide-what-you-need-to-know","https://tui.co.uk/flight/costa-rica-flights","Link removed (text kept)",""
"Auto-fixed","Nicaragua Travel Guide – What you Need to Know before Visiting","en","nicaragua-travel-guide-what-you-need-to-know","/surfcamp/nicaragua/maderas/food/gallo-pinto","Replaced","/surfcamp/nicaragua/maderas"
"Auto-fixed","Planning a Tropical Surf Trip? Don’t Forget to Pack these 10 Essentials!","en","planning-a-surf-trip-to-the-tropics-10-essentials-you-shouldnt-forget","/blog/booking-a-surf-camp-heres-what-to-look-for-when-making-your-decision","Replaced","/blog/what-to-look-for-when-booking-a-surf-camp"
"Auto-fixed","Planning a Tropical Surf Trip? Don’t Forget to Pack these 10 Essentials!","en","planning-a-surf-trip-to-the-tropics-10-essentials-you-shouldnt-forget","/blog/learn-to-surf-in-costa-rica-9-epic-reasons-why-you-should-go-right-now","Replaced","/blog/9-reasons-to-learn-to-surf-in-costa-rica"
"Auto-fixed","Planning a Tropical Surf Trip? Don’t Forget to Pack these 10 Essentials!","en","planning-a-surf-trip-to-the-tropics-10-essentials-you-shouldnt-forget","/top-5-surf-spots-playa-avellanas-costa-rica","Replaced","/blog/top-surf-spots-around-playa-avellanas-costa-rica"
"Auto-fixed","Planning a Tropical Surf Trip? Don’t Forget to Pack these 10 Essentials!","en","planning-a-surf-trip-to-the-tropics-10-essentials-you-shouldnt-forget","/costa-rica-surfcamp","Replaced","/surfcamp/costa-rica"
"Auto-fixed","Planning a Tropical Surf Trip? Don’t Forget to Pack these 10 Essentials!","en","planning-a-surf-trip-to-the-tropics-10-essentials-you-shouldnt-forget","/packing-list-costa-rica-nicaragua","Replaced","/blog/what-to-pack-for-costa-rica-and-nicaragua"
"Auto-fixed","Planning Surf Holidays In Portugal? Here’s All You Need To Know","en","surf-holidays-portugal","/blog/surf-school-in-portugal","Replaced","/blog/surf-lessons-in-portugal"
"Auto-fixed","Portugal Makes Waves: Liga MEO Pro Surf and Another Big Wave World Record for Garrett McNamara?","en","portugal-makes-waves-liga-meo-pro-surf-and-another-big-wave-record","/blog/nazare-mcnamaras-90ft-wave-rapture-surfcamps","Replaced","/blog"
"Auto-fixed","Portugal Travel Guide 2024 – All You Need to Know Before you Plan a Trip","en","portugal-travel-guide-all-you-need-to-know-before-you-plan-a-trip","https://tuifly.be/en/destinos/portugal","Link removed (text kept)",""
"Auto-fixed","Savoring Tamarindo: A Surfers Guide To The Best Eats","en","best-eats-in-tamarindo","https://www.seasonstamarindo.net/","Link removed (text kept)",""
"Auto-fixed","Sehenswürdigkeiten in Bali – Ubud und Uluwatu","de","sehenswuerdigkeiten-von-bali-ubud-und-uluwatu","https://www.rapturecamps.com/de/blog/10-best-surf-spots-in-bali/","Replaced","/de/blog/10-besten-surfspots-in-bali"
"Auto-fixed","Sehenswürdigkeiten in Bali – Ubud und Uluwatu","de","sehenswuerdigkeiten-von-bali-ubud-und-uluwatu","https://www.rapturecamps.com/surfing-bali/","Replaced","/surfcamp/bali"
"Auto-fixed","Sicherheit geht vor: Der Leitfaden für Surfer zum Umgang mit Strandschildern und Flaggen","de","sicherheit-geht-vor-der-leitfaden-fuer-surfer-zum-umgang-mit-strandschildern-und-flaggen","https://www.rapturecamps.com/de/kontakt/","Replaced","/contact"
"Auto-fixed","Sicherheit geht vor: Der Leitfaden für Surfer zum Umgang mit Strandschildern und Flaggen","de","sicherheit-geht-vor-der-leitfaden-fuer-surfer-zum-umgang-mit-strandschildern-und-flaggen","https://www.rapturecamps.com/de/kontakt/","Replaced","/contact"
"Auto-fixed","Sicherheit geht vor: Der Leitfaden für Surfer zum Umgang mit Strandschildern und Flaggen","de","sicherheit-geht-vor-der-leitfaden-fuer-surfer-zum-umgang-mit-strandschildern-und-flaggen","https://www.rapturecamps.com/de/kontakt/","Replaced","/contact"
"Auto-fixed","Sind die Wellen in Nicaragua immer offshore?","de","sind-die-wellen-in-nicaragua-immer-offshore","https://www.rapturecamps.com/de/surfcamp/nicaragua/maderas/surfen/","Replaced","/de/surfcamp/nicaragua/maderas"
"Auto-fixed","Sind die Wellen in Nicaragua immer offshore?","de","sind-die-wellen-in-nicaragua-immer-offshore","https://www.rapturecamps.com/de/surfcamp/nicaragua/maderas/surfen/","Replaced","/de/surfcamp/nicaragua/maderas"
"Auto-fixed","Soll ich ein Surfcamp oder eine Surfschule buchen?","de","soll-ich-ein-surfcamp-oder-eine-surfschule-buchen","https://www.rapturecamps.com/de/surfcamp/nicaragua/maderas/surfen/","Replaced","/de/surfcamp/nicaragua/maderas"
"Auto-fixed","Soll ich ein Surfcamp oder eine Surfschule buchen?","de","soll-ich-ein-surfcamp-oder-eine-surfschule-buchen","https://www.rapturecamps.com/de/surfcamp/nicaragua/maderas/surfen/","Replaced","/de/surfcamp/nicaragua/maderas"
"Auto-fixed","Strandhotels in Costa Rica: Worauf du unbedingt achten solltest","de","strandhotels-in-costa-rica-worauf-du-unbedingt-achten-solltest","https://www.rapturecamps.com/de/surfcamp/costa-rica/avellanas/essen/","Replaced","/de/surfcamp/costa-rica/avellanas"
"Auto-fixed","Surf Lessons in Bali – Tips to Choose the Right Surf Camp for You","en","tips-to-choose-surf-lessons-in-bali","/meet-us-online","Replaced","/contact"
"Auto-fixed","Surf Lessons in Portugal – The Best European Country to Learn the Art of Surfing","en","surf-lessons-in-ericeira-portugal","/blog/surf-apartments-in-ericeira-portugal","Replaced","/blog/surf-apartments-ericeira-portugal"
"Auto-fixed","Surf Resort Bali","de","surf-resort-bali","https://www.rapturecamps.com/de/bali-surfcamp/surfschule/","Replaced","/de/surfcamp/bali"
"Auto-fixed","Surf Resort Bali","de","surf-resort-bali","https://www.rapturecamps.com/de/bali-surfcamp/padang-padang-surfen/","Replaced","/de/surfcamp/bali/padang-padang"
"Auto-fixed","Surf Resort Bali","de","surf-resort-bali","https://www.rapturecamps.com/de/bali-surfcamp/uluwatu-surfen/","Replaced","/de/surfcamp/bali"
"Auto-fixed","Surfcamp buchen Portugal: Achte unbedingt darauf!","de","ein-surfcamp-buchen-in-portugal-darauf-musst-du-unbedingt-achten","https://www.rapturecamps.com/blog/7-portugal-best-surf-spots/","Replaced","/blog/portugal-best-surf-spots"
"Auto-fixed","Surfen Ericeira","de","surfen-ericeira","https://vimeo.com/105491649","Link removed (text kept)",""
"Auto-fixed","Surfen für Anfänger: Wie du die Wellen mit Selbstvertrauen reitest","de","surfen-fuer-anfaenger","https://www.rapturecamps.com/de/kontakt/","Replaced","/contact"
"Auto-fixed","Surfen in Costa Rica: 9 unschlagbare Gründe warum genau jetzt","de","surfen-lernen-in-costa-rica-9-grunde","https://www.rapturecamps.com/de/blog/what-to-see-in-tamarindo-costa-rica/","Replaced","/de/blog/die-10-top-aktivitaten-in-tamarindo-costa-rica"
"Auto-fixed","Surfen in Costa Rica: 9 unschlagbare Gründe warum genau jetzt","de","surfen-lernen-in-costa-rica-9-grunde","https://www.rapturecamps.com/de/blog/the-waves-in-nicaragua-are-always-offshore/","Replaced","/de/blog/sind-die-wellen-in-nicaragua-immer-offshore"
"Auto-fixed","Surfen in Costa Rica: 9 unschlagbare Gründe warum genau jetzt","de","surfen-lernen-in-costa-rica-9-grunde","https://www.rapturecamps.com/de/blog/the-5-best-places-to-learn-to-surf/","Replaced","/de/blog/die-5-besten-orte-um-surfen-zu-lernen-rapture-surfcamps"
"Auto-fixed","Surfen in Portugal: ein kurzer Überlick über die Geschichte dahinter","de","surfen-in-portugal-ein-kurzer-uberlick-uber-die-geschichte-dahinter","https://www.rapturecamps.com/de/surfcamp/portugal/ericeira-lizandro/surfen/","Replaced","/de/surfcamp/portugal/ericeira-lizandro"
"Auto-fixed","Surfen lernen in Ericeira, Portugal: Europas Top Ziel für einen Surfkurs","de","surfen-lernen-in-ericeira-portugal","https://www.rapturecamps.com/de/surfcamp/portugal/ericeira-lizandro/surfen/","Replaced","/de/surfcamp/portugal/ericeira-lizandro"
"Auto-fixed","Surfen lernen in Ericeira, Portugal: Europas Top Ziel für einen Surfkurs","de","surfen-lernen-in-ericeira-portugal","https://www.rapturecamps.com/de/kontakt/","Replaced","/contact"
"Auto-fixed","Surfen lernen: Ein Leitfaden für Anfänger zum Meister im Surfen","de","surfen-lernen-ein-leitfaden-fuer-anfaenger-zum-meister-im-surfen","https://www.rapturecamps.com/de/surfcamp/marokko/banana-village/","Replaced","/de/surfcamp/morocco"
"Auto-fixed","Surfen Padang Padang","de","surfen-padang-padang","https://www.rapturecamps.com/de/surfcamp/bali/padang-padang/zimmer/","Replaced","/de/surfcamp/bali/padang-padang"
"Auto-fixed","Surfen Uluwatu","de","surfen-uluwatu","https://www.bali.com/temple_Uluwatu_Pura-Luhur-Uluwatu_82.html","Link removed (text kept)",""
"Auto-fixed","Surfing Ericeira – Europe’s Only World Surfing Reserve","en","surf-ericeira","https://www.ericeirablog.com/ericeira-and-its-king/","Link removed (text kept)",""
"Auto-fixed","Surfing Ericeira – Europe’s Only World Surfing Reserve","en","surf-ericeira","/blog/surf-school-in-ericeira-portugal","Replaced","/blog/surf-apartments-ericeira-portugal"
"Auto-fixed","Surfing Lessons in Portugal: Europe’s Best Place to Learn  Surfing","en","surf-lessons-in-portugal-the-best-country-in-europe-to-learn-the-art-of-surfing","/blog/surf-apartments-in-ericeira-portugal","Replaced","/blog/surf-apartments-ericeira-portugal"
"Auto-fixed","Surfing Uluwatu in Bali –  World-Class Reef Breaks in Bali","en","surfing-uluwatu","https://www.bali.com/temple_Uluwatu_Pura-Luhur-Uluwatu_82.html","Link removed (text kept)",""
"Auto-fixed","Surfkurse und Surfcamps in Nicaragua","de","surfkurse-surfcamp-nicaragua","https://www.rapturecamps.com/blog/surf-playa-maderas-nicaragua/","Replaced","/blog/surf-school-nicaragua"
"Auto-fixed","Surfkurse und Surfcamps in Nicaragua","de","surfkurse-surfcamp-nicaragua","https://www.rapturecamps.com/de/surfcamp/nicaragua/maderas/surfen/","Replaced","/de/surfcamp/nicaragua/maderas"
"Auto-fixed","Surfschule Costa Rica: Surf Lessons in Top-Qualität und in exklusiver Umgebung","de","surfschule-costa-rica","https://www.rapturecamps.com/de/surfcamp/costa-rica/avellanas/essen/","Replaced","/de/surfcamp/costa-rica/avellanas"
"Auto-fixed","Surfschule Costa Rica: Surf Lessons in Top-Qualität und in exklusiver Umgebung","de","surfschule-costa-rica","https://www.rapturecamps.com/de/surfcamp/costa-rica/avellanas/zimmer/","Replaced","/de/surfcamp/costa-rica/avellanas"
"Auto-fixed","Surfschule Portugal: Ericeira & Alentejo","de","surfschule-portugal","https://www.rapturecamps.com/de/surfcamp/portugal/ericeira-lizandro/zimmer/","Replaced","/de/surfcamp/portugal/ericeira-lizandro"
"Auto-fixed","The 13 Best Beaches in Bali","en","the-13-best-beaches-in-bali","/surfcamp/bali/canggu","Replaced","/surfcamp/bali"
"Auto-fixed","The 7 Spots for Surfing in Bali for Beginners","en","best-beginner-surf-spots-in-bali","/blog/surf-tips-beginners-learn-to-surf","Replaced","/blog/surf-tips-beginners"
"Auto-fixed","The Ultimate Couple Getaway? How About a Surf And Yoga Trip To Portugal","en","the-ultimate-couples-getaway-our-surf-camp-in-portugal","/blog/surf-school-in-portugal","Replaced","/blog/surf-lessons-in-portugal"
"Auto-fixed","The Ultimate Couple Getaway? How About a Surf And Yoga Trip To Portugal","en","the-ultimate-couples-getaway-our-surf-camp-in-portugal","/things-to-do-in-ericeira","Replaced","/blog/best-things-to-do-in-ericeira"
"Auto-fixed","The Ultimate Couple Getaway? How About a Surf And Yoga Trip To Portugal","en","the-ultimate-couples-getaway-our-surf-camp-in-portugal","/booking-a-surf-camp-in-portugal-these-are-the-things-you-need-to-know-before-you-go","Replaced","/blog/what-to-know-before-booking-a-surf-camp-in-portugal"
"Auto-fixed","Tips to Pull off the Most Epic Surf Trip to Portugal","en","how-to-pull-off-a-surf-trip-in-portugal-this-summer","/blog/surf-school-in-ericeira-portugal","Replaced","/blog/surf-apartments-ericeira-portugal"
"Auto-fixed","Tips to Pull off the Most Epic Surf Trip to Portugal","en","how-to-pull-off-a-surf-trip-in-portugal-this-summer","/booking-a-surf-camp-in-portugal-these-are-the-things-you-need-to-know-before-you-go","Replaced","/blog/what-to-know-before-booking-a-surf-camp-in-portugal"
"Auto-fixed","Tips to Pull off the Most Epic Surf Trip to Portugal","en","how-to-pull-off-a-surf-trip-in-portugal-this-summer","/blog/booking-a-surf-camp-in-portugal-these-are-the-things-you-need-to-know-before-you-go","Replaced","/blog/what-to-know-before-booking-a-surf-camp-in-portugal"
"Auto-fixed","Top-Rated Gifts for Surfers: 2024 Must-Haves","en","gifts-for-surfers-2024","https://shop.rapturecamps.com/product/water-bottle/","Link removed (text kept)",""
"Auto-fixed","Top-Rated Gifts for Surfers: 2024 Must-Haves","en","gifts-for-surfers-2024","https://shop.rapturecamps.com/product-category/beach-towels/","Link removed (text kept)",""
"Auto-fixed","Top-Rated Gifts for Surfers: 2024 Must-Haves","en","gifts-for-surfers-2024","https://shop.rapturecamps.com/shop/","Link removed (text kept)",""
"Auto-fixed","Top-Rated Gifts for Surfers: 2024 Must-Haves","en","gifts-for-surfers-2024","https://shop.rapturecamps.com/product/matte-paper-framed-poster-with-mat/","Link removed (text kept)",""
"Auto-fixed","Top-Rated Gifts for Surfers: 2024 Must-Haves","en","gifts-for-surfers-2024","https://shop.rapturecamps.com/#_ga=2.69846162.388105430.1723112534-1432473239.1715848818","Link removed (text kept)",""
"Auto-fixed","Traveling Solo In Bali","en","travelling-solo-in-bali","/surfcamp/bali/canggu/rooms","Replaced","/surfcamp/bali"
"Auto-fixed","Ultimate Guide to Planning the Perfect Family Surf Trip","en","the-safest-family-friendly-surf-destinations-around-the-world","/travel-insurance-for-your-surf-trip","Replaced","/blog/surf-trip-insurance"
"Auto-fixed","Warum Bali das perfekte Ziel für digitale Nomaden ist","de","bali-fur-digitale-nomaden","https://www.rapturecamps.com/de/surfcamp/bali/canggu/?campaignid=21528416633&adgroupid=&creative=&keyword=&matchtype=&device=c&utm_term=&utm_campaign=MaxPer+-+ACQ+-++CR+-+MaxC+-+WW+-+EN&utm_source=adwords&utm_medium=ppc&hsa_acc=9953689683&hsa_cam=21528416633&hsa_grp=&hsa_ad=&hsa_src=x&hsa_tgt=&hsa_kw=&hsa_mt=&hsa_net=adwords&hsa_ver=3&gad_source=1&gclid=Cj0KCQjw05i4BhDiARIsAB_2wfCB-zOddKuuY5EjUcXmV5oDjkOGmVX_4mrwUri8AxvuzDHgxlyj85waAo7KEALw_wcB","Replaced","/de/surfcamp/bali"
"Auto-fixed","Was du diesen Sommer in Portugal nicht verpassen darfst","de","was-du-diesen-sommer-in-portugal-nicht-verpassen-darfst","https://www.rapturecamps.com/de/surfcamp/portugal/ericeira-lizandro/surfen/","Replaced","/de/surfcamp/portugal/ericeira-lizandro"
"Auto-fixed","Was du wissen solltest, bevor du ein Surfcamp in Bali buchst.","de","was-du-wissen-solltest-bevor-du-ein-surfcamp-in-bali-buchst","https://www.rapturecamps.com/de/blog/best-beginner-surf-spots-in-bali/","Replaced","/de/blog/besten-surfspots-fur-anfanger-auf-bali"
"Auto-fixed","Was du wissen solltest, bevor du ein Surfcamp in Bali buchst.","de","was-du-wissen-solltest-bevor-du-ein-surfcamp-in-bali-buchst","https://www.rapturecamps.com/blog/learning-to-surf-in-bali-heres-how-to-avoid-the-crowds-and-catch-more-waves/ ","Replaced","/blog/avoid-crowd-and-catch-more-waves-in-bali"
"Auto-fixed","What is the Difference between a Surf Camp, a Surf House and a Surf School?","en","should-i-book-a-surf-camp-or-a-surf-school","/blog/surf-lessons-nicaragua-learn-to-surf","Replaced","/blog/surf-school-nicaragua"
"Auto-fixed","What to Expect on your Surf Trip to Portugal?","en","what-to-know-before-booking-a-surf-camp-in-portugal","/blog/surf-school-in-ericeira-portugal","Replaced","/blog/surf-apartments-ericeira-portugal"
"Auto-fixed","What to Expect on your Surf Trip to Portugal?","en","what-to-know-before-booking-a-surf-camp-in-portugal","/blog/surf-school-in-ericeira-portugal","Replaced","/blog/surf-apartments-ericeira-portugal"
"Auto-fixed","When is the Surf Season in Portugal?","en","whens-the-best-time-to-surf-in-portugal","/meet-us-online","Replaced","/contact"
"Auto-fixed","Why Bali Is The Perfect Destination For Digital Nomads","en","bali-for-digital-nomads","/surfcamp/bali/canggu","Replaced","/surfcamp/bali"
"Auto-fixed","Wie man die Wellen in Portugal meistert: Ein Leitfaden für Anfänger","de","anfaenger-leitfaden-zum-surfen-in-portugal","https://www.rapturecamps.com/de/kontakt/","Replaced","/contact"
"Auto-fixed","Yoga Surfcamp Bali","de","yoga-surfcamp-bali","https://www.rapturecamps.com/de/surfcamp/bali/padang-padang/zimmer/","Replaced","/de/surfcamp/bali/padang-padang"
"Auto-fixed","Yoga Surfcamp Bali","de","yoga-surfcamp-bali","https://www.rapturecamps.com/de/surfcamp/bali/green-bowl/zimmer/","Replaced","/de/surfcamp/bali/green-bowl"