Post Title,Post Language,Post Slug,Broken URL,Category
"10 Dinge, die man im schönen Ericeira gesehen haben muss: ein Top-Surfziel in Portugal","de","10-dinge-die-man-im-schonen-ericeira-gesehen-haben-muss-ein-top-surfziel-in-portugal","https://www.rapturecamps.com/de/blog/surf-ericeira/","Blog post slug mismatch"
"10 Dinge, die man im schönen Ericeira gesehen haben muss: ein Top-Surfziel in Portugal","de","10-dinge-die-man-im-schonen-ericeira-gesehen-haben-muss-ein-top-surfziel-in-portugal","/blog/6-types-of-guests-you- kannst-dich-mit-einem-treffen-in-unserem-surfcamp-portugal/","Blog post slug mismatch"
"10 Unique and Incredibly Fun Things To Do In Costa Rica","en","10-fun-things-to-do-in-costa-rica","/blog/top-5-surf-spots-in-playa-avellanas-costa-rica","Blog post slug mismatch"
"47 Surfing Terms To Speak Surf Like a Pro","en","speak-like-a-surfer","/blog/visiting-playa-avellanas-costa-rica-rapture-surfcamps","Blog post slug mismatch"
"6 Ways to Improve Your Surfing Skills","en","how-to-improve-your-surfing-in-6-easy-steps","/blog/surf-school-in-portugal","Blog post slug mismatch"
"8 Travel Tips for your Beginner Surf Trip to Bali","en","expert-travels-tips-first-learn-to-surf-trip-to-bali","/blog/surf-lessons-bali","Blog post slug mismatch"
"9 Expert Tips for a Memorable Surf Trip in Costa Rica","en","9-tips-to-help-you-plan-the-perfect-surf-trip-to-costa-rica","/blog/learn-to-surf-in-costa-rica-9-epic-reasons-why-you-should-go-right-now","Blog post slug mismatch"
"9 Expert Tips for a Memorable Surf Trip in Costa Rica","en","9-tips-to-help-you-plan-the-perfect-surf-trip-to-costa-rica","/blog/planning-a-surf-trip-to-the-tropics-here-are-10-essentials-you-shouldnt-leave-home-without","Blog post slug mismatch"
"9 Expert Tips for a Memorable Surf Trip in Costa Rica","en","9-tips-to-help-you-plan-the-perfect-surf-trip-to-costa-rica","/blog/learn-to-surf-in-costa-rica-9-epic-reasons-why-you-should-go-right-now","Blog post slug mismatch"
"All About Booking Surf Lessons in Costa Rica","en","surf-camp-and-surf-lessons-in-costa-rica-everything-you-need-to-know","/blog/learn-to-surf-in-costa-rica-9-epic-reasons-why-you-should-go-right-now","Blog post slug mismatch"
"Bali Surf Resorts –  Your Gateway to World-Class Waves and Tropical Bliss","en","surf-resort-bali","/blog/surf-tips-beginners-learn-to-surf","Blog post slug mismatch"
"Best Surf Bikinis: Comfort, Style, And Performance","en","best-surf-bikinis","/blog/the-best-surf-clothing-brands-in-2024","Blog post slug mismatch"
"Best Surf Camp Near Lisbon – 7 Reasons Why its Rapture Surfcamps!","en","is-our-surf-camp-near-lisbon-right-for-you","/blog/booking-a-surf-camp-heres-what-to-look-for-when-making-your-decision","Blog post slug mismatch"
"Best Surf Camp Near Lisbon – 7 Reasons Why its Rapture Surfcamps!","en","is-our-surf-camp-near-lisbon-right-for-you","/blog/surf-school-in-portugal","Blog post slug mismatch"
"Best Surf Camp Near Lisbon – 7 Reasons Why its Rapture Surfcamps!","en","is-our-surf-camp-near-lisbon-right-for-you","/blog/booking-a-surf-camp-in-portugal-these-are-the-things-you-need-to-know-before-you-go","Blog post slug mismatch"
"Best Surf Camp Near Lisbon – 7 Reasons Why its Rapture Surfcamps!","en","is-our-surf-camp-near-lisbon-right-for-you","/blog/booking-a-surf-camp-in-portugal-these-are-the-things-you-need-to-know-before-you-go","Blog post slug mismatch"
"Booking a surf camp? Guide to Choosing the Right One","en","what-to-look-for-when-booking-a-surf-camp","/blog/visiting-playa-avellanas-costa-rica-rapture-surfcamps","Blog post slug mismatch"
"Booking a surf camp? Guide to Choosing the Right One","en","what-to-look-for-when-booking-a-surf-camp","/blog/booking-a-surf-camp-in-portugal-these-are-the-things-you-need-to-know-before-you-go","Blog post slug mismatch"
"Darum solltest du Bali in der Regenzeit besuchen","de","warum-bali-in-der-regenzeit-besuchen-und-surfen","https://www.rapturecamps.com/de/blog/surfing-uluwatu/","Blog post slug mismatch"
"Der ultimative Leitfaden zum Surfen in Portugal – Rapture Surfcamps","de","der-ultimative-leitfaden-zum-surfen-in-portugal-rapture-surfcamps","https://www.rapturecamps.com/de/blog/surf-ericeira/","Blog post slug mismatch"
"Die besten Surfspots für Anfänger auf Bali","de","besten-surfspots-fur-anfanger-auf-bali","https://www.rapturecamps.com/blog/surf-tips-beginners-learn-to-surf/","Blog post slug mismatch"
"From Beginner to Pro: Top Surf Camps in Costa Rica for Every Skill Level","en","surf-school-costa-rica","/blog/top-5-surf-spots-in-playa-avellanas-costa-rica","Blog post slug mismatch"
"From Downward Dog to Hang Ten: The Ultimate Yoga Surfcamp Experience in Portugal","en","yoga-surfcamp-portugal","/blog/7-of-portugals-best-surf-spots","Blog post slug mismatch"
"Learn to Surf at the Best Surf Camp in Bali – Rapture Surfcamps","en","surf-school-bali","/blog/surf-tips-beginners-learn-to-surf","Blog post slug mismatch"
"Learn to Surf at the Best Surf Camp in Bali – Rapture Surfcamps","en","surf-school-bali","/blog/surf-tips-beginners-learn-to-surf","Blog post slug mismatch"
"Planning a Tropical Surf Trip? Don’t Forget to Pack these 10 Essentials!","en","planning-a-surf-trip-to-the-tropics-10-essentials-you-shouldnt-forget","/blog/booking-a-surf-camp-heres-what-to-look-for-when-making-your-decision","Blog post slug mismatch"
"Planning a Tropical Surf Trip? Don’t Forget to Pack these 10 Essentials!","en","planning-a-surf-trip-to-the-tropics-10-essentials-you-shouldnt-forget","/blog/learn-to-surf-in-costa-rica-9-epic-reasons-why-you-should-go-right-now","Blog post slug mismatch"
"Planning Surf Holidays In Portugal? Here’s All You Need To Know","en","surf-holidays-portugal","/blog/surf-school-in-portugal","Blog post slug mismatch"
"Portugal Makes Waves: Liga MEO Pro Surf and Another Big Wave World Record for Garrett McNamara?","en","portugal-makes-waves-liga-meo-pro-surf-and-another-big-wave-record","/blog/nazare-mcnamaras-90ft-wave-rapture-surfcamps","Blog post slug mismatch"
"Portugal Travel Guide 2024 – All You Need to Know Before you Plan a Trip","en","portugal-travel-guide-all-you-need-to-know-before-you-plan-a-trip","/blog/whens-the-best-time-to-surf-in-portugal/https://www.rapturecamps.com/blog/whens-the-best-time-to-surf-in-portugal","Blog post slug mismatch"
"Surf Lessons in Portugal – The Best European Country to Learn the Art of Surfing","en","surf-lessons-in-ericeira-portugal","/blog/surf-apartments-in-ericeira-portugal","Blog post slug mismatch"
"Surfcamp buchen Portugal: Achte unbedingt darauf!","de","ein-surfcamp-buchen-in-portugal-darauf-musst-du-unbedingt-achten","https://www.rapturecamps.com/blog/7-portugal-best-surf-spots/","Blog post slug mismatch"
"Surfen in Nicaragua während der Regenzeit","de","surfen-in-nicaragua-in-der-regenzeit","https://www.rapturecamps.com/de/blog/surfkurse-nicaragua/","Blog post slug mismatch"
"Surfing Ericeira – Europe’s Only World Surfing Reserve","en","surf-ericeira","/blog/surf-school-in-ericeira-portugal","Blog post slug mismatch"
"Surfing Lessons in Portugal: Europe’s Best Place to Learn  Surfing","en","surf-lessons-in-portugal-the-best-country-in-europe-to-learn-the-art-of-surfing","/blog/surf-apartments-in-ericeira-portugal","Blog post slug mismatch"
"Surfkurse und Surfcamps in Nicaragua","de","surfkurse-surfcamp-nicaragua","https://www.rapturecamps.com/blog/surf-playa-maderas-nicaragua/","Blog post slug mismatch"
"Surfschule Nicaragua","de","surfschule-nicaragua","https://www.rapturecamps.com/de/blog/surfkurse-nicaragua/","Blog post slug mismatch"
"The 7 Spots for Surfing in Bali for Beginners","en","best-beginner-surf-spots-in-bali","/blog/surf-tips-beginners-learn-to-surf","Blog post slug mismatch"
"The Ultimate Couple Getaway? How About a Surf And Yoga Trip To Portugal","en","the-ultimate-couples-getaway-our-surf-camp-in-portugal","/blog/surf-school-in-portugal","Blog post slug mismatch"
"Tips to Pull off the Most Epic Surf Trip to Portugal","en","how-to-pull-off-a-surf-trip-in-portugal-this-summer","/blog/surf-school-in-ericeira-portugal","Blog post slug mismatch"
"Tips to Pull off the Most Epic Surf Trip to Portugal","en","how-to-pull-off-a-surf-trip-in-portugal-this-summer","/blog/booking-a-surf-camp-in-portugal-these-are-the-things-you-need-to-know-before-you-go","Blog post slug mismatch"
"Was du wissen solltest, bevor du ein Surfcamp in Bali buchst.","de","was-du-wissen-solltest-bevor-du-ein-surfcamp-in-bali-buchst","https://www.rapturecamps.com/blog/learning-to-surf-in-bali-heres-how-to-avoid-the-crowds-and-catch-more-waves/ ","Blog post slug mismatch"
"What is the Difference between a Surf Camp, a Surf House and a Surf School?","en","should-i-book-a-surf-camp-or-a-surf-school","/blog/surf-lessons-nicaragua-learn-to-surf","Blog post slug mismatch"
"What to Expect on your Surf Trip to Portugal?","en","what-to-know-before-booking-a-surf-camp-in-portugal","/blog/surf-school-in-ericeira-portugal","Blog post slug mismatch"
"What to Expect on your Surf Trip to Portugal?","en","what-to-know-before-booking-a-surf-camp-in-portugal","/blog/surf-school-in-ericeira-portugal","Blog post slug mismatch"
"10 Best Surf Spots in the World","en","top-10-surfing-destinations-in-the-world","http://edition.cnn.com/2013/06/30/travel/50-surf-spots/","External site dead/moved"
"10 Gründe, noch heute mit dem Surfen anzufangen!","de","10-gruende-noch-heute-mit-dem-surfen-anzufangen","https://neuroscience.stanford.edu/news/what-me-worry","External site dead/moved"
"10 Reasons to Start Surfing Today!","en","reasons-to-start-surfing-today","https://neuroscience.stanford.edu/news/what-me-worry","External site dead/moved"
"10 Reasons to Start Surfing Today!","en","reasons-to-start-surfing-today","http://www.surfcamp.travel/bali/","External site dead/moved"
"10 Reasons to Start Surfing Today!","en","reasons-to-start-surfing-today","http://www.surfcampinportugal.com/","External site dead/moved"
"29 Reasons Why Everyone Loves Surfing","en","why-is-surfing-popular","http://surfcamp.travel/bali","External site dead/moved"
"29 Reasons Why Everyone Loves Surfing","en","why-is-surfing-popular","http://surfcamp.travel/portugal","External site dead/moved"
"8 Travel Tips for your Beginner Surf Trip to Bali","en","expert-travels-tips-first-learn-to-surf-trip-to-bali","https://www.indonesia.travel/in/en/trip-ideas/visa-free-for-169-countries-to-travel-to-indonesia","External site dead/moved"
"A message from Rapturecamps about COVID-19","en","rapturecamps-response-to-coronavirus","https://www.indonesia.travel/gb/en/news/additional-measures-of-the-indonesian-government-in-relation-to-covid-19-response","External site dead/moved"
"A message from Rapturecamps about COVID-19","en","rapturecamps-response-to-coronavirus","https://apps.apple.com/pt/app/info-praia/id1467347173","External site dead/moved"
"A message from Rapturecamps about COVID-19","en","rapturecamps-response-to-coronavirus","https://play.google.com/store/apps/details?id=pt.apambiente.info_praia&hl=pt_PT","External site dead/moved"
"Die 10 besten Surfspots der Welt","de","die-10-besten-surfspots-der-welt","http://www.hotelclub.com/blog/10-of-the-worlds-best-surf-spots/","External site dead/moved"
"Die 10 besten Surfspots der Welt","de","die-10-besten-surfspots-der-welt","http://edition.cnn.com/2013/06/30/travel/50-surf-spots/","External site dead/moved"
"Die besten Surfspots für Anfänger auf Bali","de","besten-surfspots-fur-anfanger-auf-bali","https://balibelly.com/bingin/","External site dead/moved"
"Eco Surf Rescue Uluwatu: Keeping Uluwatu Clean!","en","eco-surf-rescue-uluwatu","https://xgames.espn.go.com/article/7265532/eco-warrior-james-pribram-returns-uluwatu-mission","External site dead/moved"
"Eco Surf Rescue Uluwatu! Öko Surf Rettung Uluwatu!","de","eco-surf-rescue-uluwatu","https://xgames.espn.go.com/article/7265532/eco-warrior-james-pribram-returns-uluwatu-mission","External site dead/moved"
"Nicaragua Travel Guide – What you Need to Know before Visiting","en","nicaragua-travel-guide-what-you-need-to-know","https://tui.co.uk/flight/costa-rica-flights","External site dead/moved"
"Portugal Travel Guide 2024 – All You Need to Know Before you Plan a Trip","en","portugal-travel-guide-all-you-need-to-know-before-you-plan-a-trip","https://tuifly.be/en/destinos/portugal","External site dead/moved"
"Savoring Tamarindo: A Surfers Guide To The Best Eats","en","best-eats-in-tamarindo","https://www.seasonstamarindo.net/","External site dead/moved"
"Surfen Ericeira","de","surfen-ericeira","https://vimeo.com/105491649","External site dead/moved"
"Surfen Uluwatu","de","surfen-uluwatu","https://www.bali.com/temple_Uluwatu_Pura-Luhur-Uluwatu_82.html","External site dead/moved"
"Surfing Ericeira – Europe’s Only World Surfing Reserve","en","surf-ericeira","https://www.ericeirablog.com/ericeira-and-its-king/","External site dead/moved"
"Surfing Uluwatu in Bali –  World-Class Reef Breaks in Bali","en","surfing-uluwatu","https://www.bali.com/temple_Uluwatu_Pura-Luhur-Uluwatu_82.html","External site dead/moved"
"6 Gründe für deinen ersten Surfurlaub in Nicaragua","de","6-grunde-fur-deinen-ersten-surfurlaub-in-nicaragua","https://www.rapturecamps.com/de/surfcamp/nicaragua/maderas/surfen/","German camp sub-page (old WP URL)"
"7 der verrücktesten Wellen der Welt und wo du sie findest","de","7-der-verrucktesten-wellen-der-welt-und-wo-du-sie-findest","https://www.rapturecamps.com/de/surfcamp/portugal/ericeira-lizandro/surfen/","German camp sub-page (old WP URL)"
"Alles was du über unser Surfcamp in Costa Rica wissen musst","de","alles-was-du-uber-unser-camp-in-costa-rica-wissen-musst","https://www.rapturecamps.com/de/surfcamp/costa-rica/avellanas/zimmer/","German camp sub-page (old WP URL)"
"Sind die Wellen in Nicaragua immer offshore?","de","sind-die-wellen-in-nicaragua-immer-offshore","https://www.rapturecamps.com/de/surfcamp/nicaragua/maderas/surfen/","German camp sub-page (old WP URL)"
"Sind die Wellen in Nicaragua immer offshore?","de","sind-die-wellen-in-nicaragua-immer-offshore","https://www.rapturecamps.com/de/surfcamp/nicaragua/maderas/surfen/","German camp sub-page (old WP URL)"
"Soll ich ein Surfcamp oder eine Surfschule buchen?","de","soll-ich-ein-surfcamp-oder-eine-surfschule-buchen","https://www.rapturecamps.com/de/surfcamp/nicaragua/maderas/surfen/","German camp sub-page (old WP URL)"
"Soll ich ein Surfcamp oder eine Surfschule buchen?","de","soll-ich-ein-surfcamp-oder-eine-surfschule-buchen","https://www.rapturecamps.com/de/surfcamp/nicaragua/maderas/surfen/","German camp sub-page (old WP URL)"
"Strandhotels in Costa Rica: Worauf du unbedingt achten solltest","de","strandhotels-in-costa-rica-worauf-du-unbedingt-achten-solltest","https://www.rapturecamps.com/de/surfcamp/costa-rica/avellanas/essen/","German camp sub-page (old WP URL)"
"Surfen Ericeira","de","surfen-ericeira","https://www.rapturecamps.com/de/surfcamp/portugal/ericeira/zimmer/","German camp sub-page (old WP URL)"
"Surfen in Portugal: ein kurzer Überlick über die Geschichte dahinter","de","surfen-in-portugal-ein-kurzer-uberlick-uber-die-geschichte-dahinter","https://www.rapturecamps.com/de/surfcamp/portugal/ericeira-lizandro/surfen/","German camp sub-page (old WP URL)"
"Surfen lernen in Ericeira, Portugal: Europas Top Ziel für einen Surfkurs","de","surfen-lernen-in-ericeira-portugal","https://www.rapturecamps.com/de/surfcamp/portugal/ericeira-lizandro/surfen/","German camp sub-page (old WP URL)"
"Surfen Padang Padang","de","surfen-padang-padang","https://www.rapturecamps.com/de/surfcamp/bali/padang-padang/zimmer/","German camp sub-page (old WP URL)"
"Surfkurse und Surfcamps in Nicaragua","de","surfkurse-surfcamp-nicaragua","https://www.rapturecamps.com/de/surfcamp/nicaragua/maderas/surfen/","German camp sub-page (old WP URL)"
"Surfschule Costa Rica: Surf Lessons in Top-Qualität und in exklusiver Umgebung","de","surfschule-costa-rica","https://www.rapturecamps.com/de/surfcamp/costa-rica/avellanas/essen/","German camp sub-page (old WP URL)"
"Surfschule Costa Rica: Surf Lessons in Top-Qualität und in exklusiver Umgebung","de","surfschule-costa-rica","https://www.rapturecamps.com/de/surfcamp/costa-rica/avellanas/zimmer/","German camp sub-page (old WP URL)"
"Surfschule Portugal: Ericeira & Alentejo","de","surfschule-portugal","https://www.rapturecamps.com/de/surfcamp/portugal/ericeira-lizandro/zimmer/","German camp sub-page (old WP URL)"
"Was du diesen Sommer in Portugal nicht verpassen darfst","de","was-du-diesen-sommer-in-portugal-nicht-verpassen-darfst","https://www.rapturecamps.com/de/surfcamp/portugal/ericeira-lizandro/surfen/","German camp sub-page (old WP URL)"
"Yoga Surfcamp Bali","de","yoga-surfcamp-bali","https://www.rapturecamps.com/de/surfcamp/bali/padang-padang/zimmer/","German camp sub-page (old WP URL)"
"Yoga Surfcamp Bali","de","yoga-surfcamp-bali","https://www.rapturecamps.com/de/surfcamp/bali/green-bowl/zimmer/","German camp sub-page (old WP URL)"
"Ein Surftrip in die Tropen? Das musst du einpacken!","de","du-planst-einen-surftrip-in-die-tropen-10-dinge-die-du-einpacken-musst","https://www.rapturecamps.com/de/top-5-surf-spots-playa-avellanas-costa","German page (old WP URL)"
"Ein Surftrip in die Tropen? Das musst du einpacken!","de","du-planst-einen-surftrip-in-die-tropen-10-dinge-die-du-einpacken-musst","https://www.rapturecamps.com/de/costa-rica-surfcamp/","German page (old WP URL)"
"Ein Surftrip in die Tropen? Das musst du einpacken!","de","du-planst-einen-surftrip-in-die-tropen-10-dinge-die-du-einpacken-musst","https://www.rapturecamps.com/de/packing-list-costa-rica-nicaragua/","German page (old WP URL)"
"Surf Resort Bali","de","surf-resort-bali","https://www.rapturecamps.com/de/bali-surfcamp/surfschule/","German page (old WP URL)"
"Surf Resort Bali","de","surf-resort-bali","https://www.rapturecamps.com/de/bali-surfcamp/padang-padang-surfen/","German page (old WP URL)"
"Surf Resort Bali","de","surf-resort-bali","https://www.rapturecamps.com/de/bali-surfcamp/uluwatu-surfen/","German page (old WP URL)"
"Surfen in Costa Rica: 9 unschlagbare Gründe warum genau jetzt","de","surfen-lernen-in-costa-rica-9-grunde","https://www.rapturecamps.com/de/ blog/10-dinge-to-do-playa-avellanas-costa-rica/","German page (old WP URL)"
"Surfen lernen auf Bali? 5 Tipps Massen vermeiden & mehr Wellen surfen","de","surfen-lernen-auf-bali-ohne-crowd","https://www.rapturecamps.com/de/surfcamp /bali/padang-padang/","German page (old WP URL)"
"Surfschule Costa Rica: Surf Lessons in Top-Qualität und in exklusiver Umgebung","de","surfschule-costa-rica","https://www.rapturecamps.com/de/top-5-surf-spots-in-playa-avellanas-costa-rica/","German page (old WP URL)"
"10 Dinge, die man im schönen Ericeira gesehen haben muss: ein Top-Surfziel in Portugal","de","10-dinge-die-man-im-schonen-ericeira-gesehen-haben-muss-ein-top-surfziel-in-portugal","https://www.rapturecamps.com/de/blog/is-our-surf-camp- near-lisbon-right-for-you/","German post with English slug"
"10 Dinge, die man im schönen Ericeira gesehen haben muss: ein Top-Surfziel in Portugal","de","10-dinge-die-man-im-schonen-ericeira-gesehen-haben-muss-ein-top-surfziel-in-portugal","https://www.rapturecamps.com/de/blog/from-our-surf-house-in-ericeira-paddle-to-purpose/","German post with English slug"
"10 Dinge, die man im schönen Ericeira gesehen haben muss: ein Top-Surfziel in Portugal","de","10-dinge-die-man-im-schonen-ericeira-gesehen-haben-muss-ein-top-surfziel-in-portugal","https://www.rapturecamps.com/de/blog/nightlife-in-ericeira/","German post with English slug"
"10 Dinge, die man im schönen Ericeira gesehen haben muss: ein Top-Surfziel in Portugal","de","10-dinge-die-man-im-schonen-ericeira-gesehen-haben-muss-ein-top-surfziel-in-portugal","https://www.rapturecamps.com/de/blog/surfing-in-portugal-a-brief-history/","German post with English slug"
"5 der besten Anfänger Surfstrände in Costa Rica","de","5-der-besten-surf-anfangerstrande-in-costa-rica","https://www.rapturecamps.com/de/blog/what-to-pack-for-costa-rica-and-nicaragua/","German post with English slug"
"5 der besten Anfänger Surfstrände in Costa Rica","de","5-der-besten-surf-anfangerstrande-in-costa-rica","https://www.rapturecamps.com/de/blog/learn-to-surf-in-costa-rica-9-epic-reasons-why-you-should-go-right-now/","German post with English slug"
"5 der besten Anfänger Surfstrände in Costa Rica","de","5-der-besten-surf-anfangerstrande-in-costa-rica","https://www.rapturecamps.com/de/blog/6-of-the-best-tips-for-beginner-surfers/","German post with English slug"
"5 der besten Anfänger Surfstrände in Costa Rica","de","5-der-besten-surf-anfangerstrande-in-costa-rica","https://www.rapturecamps.com/de/blog/10-things-to-do-playa-avellanas-costa-rica/","German post with English slug"
"5 der besten Anfänger Surfstrände in Costa Rica","de","5-der-besten-surf-anfangerstrande-in-costa-rica","https://www.rapturecamps.com/de/blog/sollte-ich-ein-surfcamp-oder-eine-surfschule-buchen/","German post with English slug"
"5 der besten Anfänger Surfstrände in Costa Rica","de","5-der-besten-surf-anfangerstrande-in-costa-rica","https://www.rapturecamps.com/de/blog/booking-a-surf-camp-heres-what-to-look-for-when-making-your -Entscheidung/","German post with English slug"
"7 der verrücktesten Wellen der Welt und wo du sie findest","de","7-der-verrucktesten-wellen-der-welt-und-wo-du-sie-findest","https://www.rapturecamps.com/de/blog/top-5-surf-spots-in-playa-avellanas-costa-rica/","German post with English slug"
"7 Tips um auch ohne Surfen fit zu bleiben","de","7-tips-um-auch-ohne-surfen-fit-zu-bleiben","https://www.rapturecamps.com/de/blog/surfen-lernen-in-costa-rica-9-unschlagbare-grunde-warum-genau-jetzt/","German post with English slug"
"7 Tips um auch ohne Surfen fit zu bleiben","de","7-tips-um-auch-ohne-surfen-fit-zu-bleiben","https://www.rapturecamps.com/de/blog/surfen-lernen-auf-bali-so-vermeidest-du-die-massen-bekommst-mehr-wellen/","German post with English slug"
"8 Gründe warum Bali eine der besten Surf-Destinationen der Welt ist","de","8-grunde-warum-bali-eine-der-besten-surf-destinationen-der-welt-ist","https://www.rapturecamps.com/de/blog/keeping-it-real-in-bali/","German post with English slug"
"9 Tips für die Planung deines Costa Rica Traum-Urlaubs","de","9-tips-fur-die-planung-deines-costa-rica-traumurlaubs","https://www.rapturecamps.com/de/blog/surfen-lernen-in-costa-rica-9-unschlagbare-grunde-warum-genau-jetzt/","German post with English slug"
"Alles was du über unser Surfcamp in Costa Rica wissen musst","de","alles-was-du-uber-unser-camp-in-costa-rica-wissen-musst","https://www.rapturecamps.com/de/blog/packliste-fuer-eine-reise-nach-costarica-nicaragua/","German post with English slug"
"Alles was du über unser Surfcamp in Costa Rica wissen musst","de","alles-was-du-uber-unser-camp-in-costa-rica-wissen-musst","https://www.rapturecamps.com/de/blog/surfkurse-costa-rica/","German post with English slug"
"Alles was du über unser Surfcamp in Costa Rica wissen musst","de","alles-was-du-uber-unser-camp-in-costa-rica-wissen-musst","https://www.rapturecamps.com/de/blog/surfen-lernen-in-costa-rica-9-unschlagbare-grunde-warum-genau-jetzt/","German post with English slug"
"Der ultimative Leitfaden zum Surfen in Portugal – Rapture Surfcamps","de","der-ultimative-leitfaden-zum-surfen-in-portugal-rapture-surfcamps","https://www.rapturecamps.com/de/blog/portugal-makes-waves-liga -meo-pro-surf-and-another-big-wave-record/","German post with English slug"
"Die 7 besten Surfspots Portugals","de","die-7-besten-surfspots-portugals","https://www.rapturecamps.com/de/blog/surfkurse-in-ericeira-portugal/","German post with English slug"
"Die besten Surfspots für Anfänger auf Bali","de","besten-surfspots-fur-anfanger-auf-bali","https://www.rapturecamps.com/de/blog/surf-school-bali/","German post with English slug"
"Die besten Surfspots für Anfänger auf Bali","de","besten-surfspots-fur-anfanger-auf-bali","https://www.rapturecamps.com/de/blog/surf-school-bali/","German post with English slug"
"Die Top 10 Aktivitäten in Playa Avellanas, Costa Rica","de","die-top-10-aktivitaeten-in-costa-rica-playa-avellanas","https://www.rapturecamps.com/de/blog/entdecke-tamarindo-costa-rica/","German post with English slug"
"Die Top 10 Aktivitäten in Playa Avellanas, Costa Rica","de","die-top-10-aktivitaeten-in-costa-rica-playa-avellanas","https://www.rapturecamps.com/de/blog/entdecke-tamarindo-costa-rica/","German post with English slug"
"Ein Surftrip in die Tropen? Das musst du einpacken!","de","du-planst-einen-surftrip-in-die-tropen-10-dinge-die-du-einpacken-musst","https://www.rapturecamps.com/de/blog/reisen-mit-einem-surfbrett-leicht-in-6-einfachen-schritten/","German post with English slug"
"Ein Surftrip in die Tropen? Das musst du einpacken!","de","du-planst-einen-surftrip-in-die-tropen-10-dinge-die-du-einpacken-musst","https://www.rapturecamps.com/de/blog/the-waves-in-nicaragua-are-always-offshore/","German post with English slug"
"Ericeiras Umgebung: Portugal erkunden","de","portugal-was-du-unbedingt-sehen-und-tuen-solltest","https://www.rapturecamps.com/de/blog/best-things-to-do-in-ericeira/","German post with English slug"
"Nicaragua – Surfparadies mit tropischen Stränden","de","surfing-nicaragua","https://www.rapturecamps.com/de/blog/surf-playa-maderas-nicaragua/","German post with English slug"
"Sehenswürdigkeiten in Bali – Ubud und Uluwatu","de","sehenswuerdigkeiten-von-bali-ubud-und-uluwatu","https://www.rapturecamps.com/de/blog/10-best-surf-spots-in-bali/","German post with English slug"
"Surfen Ericeira","de","surfen-ericeira","https://www.rapturecamps.com/de/blog/surfkurse-in-ericeira-portugal/","German post with English slug"
"Surfen in Bali: Reisetips, Surfspots und versteckte Schätze","de","surfen-bali","https://www.rapturecamps.com/de/blog/surfen-lernen-auf-bali-so-vermeidest-du-die-massen-bekommst-mehr-wellen/","German post with English slug"
"Surfen in Bali: Reisetips, Surfspots und versteckte Schätze","de","surfen-bali","https://www.rapturecamps.com/de/blog/surfen-lernen-auf-bali-so-vermeidest-du-die-massen-bekommst-mehr-wellen/","German post with English slug"
"Surfen in Costa Rica: 9 unschlagbare Gründe warum genau jetzt","de","surfen-lernen-in-costa-rica-9-grunde","https://www.rapturecamps.com/de/blog/what-to-see-in-tamarindo-costa-rica/","German post with English slug"
"Surfen in Costa Rica: 9 unschlagbare Gründe warum genau jetzt","de","surfen-lernen-in-costa-rica-9-grunde","https://www.rapturecamps.com/de/blog/the-waves-in-nicaragua-are-always-offshore/","German post with English slug"
"Surfen in Costa Rica: 9 unschlagbare Gründe warum genau jetzt","de","surfen-lernen-in-costa-rica-9-grunde","https://www.rapturecamps.com/de/blog/tips-for -surfen-in-costa-rica-mit-budget/","German post with English slug"
"Surfen in Costa Rica: 9 unschlagbare Gründe warum genau jetzt","de","surfen-lernen-in-costa-rica-9-grunde","https://www.rapturecamps.com/de/blog/the-5-best-places-to-learn-to-surf/","German post with English slug"
"Surfen in Portugal: ein kurzer Überlick über die Geschichte dahinter","de","surfen-in-portugal-ein-kurzer-uberlick-uber-die-geschichte-dahinter","https://www.rapturecamps.com/de/blog/ericeira-portugal-teil-des-ersten-internationalen-surf-netzwerks/","German post with English slug"
"Surfen in Portugal: ein kurzer Überlick über die Geschichte dahinter","de","surfen-in-portugal-ein-kurzer-uberlick-uber-die-geschichte-dahinter","https://www.rapturecamps.com/de/blog/surfkurse-in-ericeira-portugal/","German post with English slug"
"Surfen lernen in Ericeira, Portugal: Europas Top Ziel für einen Surfkurs","de","surfen-lernen-in-ericeira-portugal","https://www.rapturecamps.com/de/blog/aktivitaten-in-ericeira/","German post with English slug"
"Surfschule Portugal: Ericeira & Alentejo","de","surfschule-portugal","https://www.rapturecamps.com/de/blog/surfkurse-in-ericeira-portugal/","German post with English slug"
"Surfschule Portugal: Ericeira & Alentejo","de","surfschule-portugal","https://www.rapturecamps.com/de/blog/surfkurse-in-ericeira-portugal/","German post with English slug"
"Surfurlaub Portugal","de","surfurlaub-portugal","https://www.rapturecamps.com/de/blog/surfkurse-in-ericeira-portugal/","German post with English slug"
"Top 8 Surf Spots in der Umgebung von Playa Avellanas, Costa Rica","de","top-8-surf-spots-in-der-umgebung-von-playa-avellanas-costa-rica","https://www.rapturecamps.com/de/blog/entdecke-tamarindo-costa-rica/","German post with English slug"
"Was du wissen solltest, bevor du ein Surfcamp in Bali buchst.","de","was-du-wissen-solltest-bevor-du-ein-surfcamp-in-bali-buchst","https://www.rapturecamps.com/de/blog/8-reasons-why-bali-is-one-of-the-best-surfing-destinations- in-the-world/","German post with English slug"
"Was du wissen solltest, bevor du ein Surfcamp in Bali buchst.","de","was-du-wissen-solltest-bevor-du-ein-surfcamp-in-bali-buchst","https://www.rapturecamps.com/de/blog/best-beginner-surf-spots-in-bali/","German post with English slug"
"Die 10 Top Aktivitäten in Tamarindo, Costa Rica","de","die-10-top-aktivitaten-in-tamarindo-costa-rica","https://www.rapturecamps.com/top-5-surf-spots-in-playa-avellanas-costa-rica/","Internal - other"
"Die 5 besten Orte, um Surfen zu lernen","de","die-5-besten-orte-um-surfen-zu-lernen-rapture-surfcamps","https://www.rapturecamps.com/surfing-uluwatu/","Internal - other"
"Die 5 besten Orte, um Surfen zu lernen","de","die-5-besten-orte-um-surfen-zu-lernen-rapture-surfcamps","https://www.rapturecamps.com/surfing-padang-padang/","Internal - other"
"Sehenswürdigkeiten in Bali – Ubud und Uluwatu","de","sehenswuerdigkeiten-von-bali-ubud-und-uluwatu","https://www.rapturecamps.com/surfing-bali/","Internal - other"
"Awayco – Leichtes Reisen ohne Surfboard","de","awayco-leichtes-reisen-ohne-surfboard","willkommen","Malformed URL"
"Bali Nightlife: From Sunset to Sunrise","en","nightlife-in-bali","/de/surfcamp/bali/canggu","Missing camp page (Canggu)"
"Catch The Perfect Wave: A Surfer’s Handbook To Canggu","en","catch-the-perfect-wave-a-surfers-handbook-to-canggu","/surfcamp/bali/canggu","Missing camp page (Canggu)"
"Catch The Perfect Wave: A Surfer’s Handbook To Canggu","en","catch-the-perfect-wave-a-surfers-handbook-to-canggu","/surfcamp/bali/canggu/surf","Missing camp page (Canggu)"
"The 13 Best Beaches in Bali","en","the-13-best-beaches-in-bali","/surfcamp/bali/canggu","Missing camp page (Canggu)"
"Traveling Solo In Bali","en","travelling-solo-in-bali","/surfcamp/bali/canggu/rooms","Missing camp page (Canggu)"
"Warum Bali das perfekte Ziel für digitale Nomaden ist","de","bali-fur-digitale-nomaden","https://www.rapturecamps.com/de/surfcamp/bali/canggu/?campaignid=21528416633&adgroupid=&creative=&keyword=&matchtype=&device=c&utm_term=&utm_campaign=MaxPer+-+ACQ+-++CR+-+MaxC+-+WW+-+EN&utm_source=adwords&utm_medium=ppc&hsa_acc=9953689683&hsa_cam=21528416633&hsa_grp=&hsa_ad=&hsa_src=x&hsa_tgt=&hsa_kw=&hsa_mt=&hsa_net=adwords&hsa_ver=3&gad_source=1&gclid=Cj0KCQjw05i4BhDiARIsAB_2wfCB-zOddKuuY5EjUcXmV5oDjkOGmVX_4mrwUri8AxvuzDHgxlyj85waAo7KEALw_wcB","Missing camp page (Canggu)"
"Why Bali Is The Perfect Destination For Digital Nomads","en","bali-for-digital-nomads","/surfcamp/bali/canggu","Missing camp page (Canggu)"
"10 Dinge, die man im schönen Ericeira gesehen haben muss: ein Top-Surfziel in Portugal","de","10-dinge-die-man-im-schonen-ericeira-gesehen-haben-muss-ein-top-surfziel-in-portugal","https://www.rapturecamps.com/de/surfcamp/portugal/ericeira-lizandro/surf/ nehmen/ ","Missing camp sub-page"
"15 amazing things to do in Ericeira, Portugal","en","best-things-to-do-in-ericeira","/de/surfcamp/portugal/alentejo-milfontes/food/bacalhau-a-bras-kabeljau","Missing camp sub-page"
"Die 5 besten Orte, um Surfen zu lernen","de","die-5-besten-orte-um-surfen-zu-lernen-rapture-surfcamps","https://www.rapturecamps.com/de/surfcamp/portugal/ericeira/","Missing camp sub-page"
"Die 7 besten Surfspots Portugals","de","die-7-besten-surfspots-portugals","https://www.rapturecamps.com/de/surfcamp/portugal/ericeira/","Missing camp sub-page"
"Entfessele deinen inneren Wellenreiter: Der ultimative Leitfaden für Surfcamps","de","ultimativer-leitfaden-fuer-surfcamps","https://www.rapturecamps.com/de/surfcamp/marokko/banana-village/","Missing camp sub-page"
"Geschichte-Macher: Die 10 größten jemals gesurften Wellen","de","geschichte-macher-die-10-groessten-jemals-gesurften-wellen","https://www.rapturecamps.com/de/surfcamp/marokko/banana-village/","Missing camp sub-page"
"Nicaragua Travel Guide – What you Need to Know before Visiting","en","nicaragua-travel-guide-what-you-need-to-know","/surfcamp/nicaragua/maderas/food/gallo-pinto","Missing camp sub-page"
"Surfen Ericeira","de","surfen-ericeira","https://www.rapturecamps.com/de/surfcamp/portugal/ericeira/","Missing camp sub-page"
"Surfen Ericeira","de","surfen-ericeira","https://www.rapturecamps.com/de/surfcamp/portugal/ericeira/","Missing camp sub-page"
"Surfen lernen in Ericeira, Portugal: Europas Top Ziel für einen Surfkurs","de","surfen-lernen-in-ericeira-portugal","https://www.rapturecamps.com/de/surfcamp/portugal/ericeira/","Missing camp sub-page"
"Surfen lernen: Ein Leitfaden für Anfänger zum Meister im Surfen","de","surfen-lernen-ein-leitfaden-fuer-anfaenger-zum-meister-im-surfen","https://www.rapturecamps.com/de/surfcamp/marokko/banana-village/","Missing camp sub-page"
"Surfschule Portugal: Ericeira & Alentejo","de","surfschule-portugal","https://www.rapturecamps.com/de/surfcamp/portugal/ericeira/","Missing camp sub-page"
"Surfurlaub Portugal","de","surfurlaub-portugal","https://www.rapturecamps.com/de/surfcamp/portugal/ericeira/","Missing camp sub-page"
"Surfurlaub Portugal","de","surfurlaub-portugal","https://www.rapturecamps.com/de/surfcamp/portugal/ericeira/","Missing camp sub-page"
"Surfurlaub Portugal","de","surfurlaub-portugal","https://www.rapturecamps.com/de/surfcamp/portugal/ericeira/","Missing camp sub-page"
"Surfurlaub Portugal","de","surfurlaub-portugal","https://www.rapturecamps.com/de/surfcamp/portugal/ericeira/","Missing camp sub-page"
"Yoga & Surfen Surfcamp in Portugal","de","yoga-surfcamp-portugal","https://www.rapturecamps.com/de/surfcamp/portugal/ericeira/","Missing camp sub-page"
"47 Surfing Terms To Speak Surf Like a Pro","en","speak-like-a-surfer","/meet-us-online","Non-existent page"
"Bali Beyond the Beaches – Things to Do and Places to See in Bali","en","the-real-bali-ubud-and-uluwatu","/destinations/bali","Non-existent page"
"Co-Living Ericeira, Portugal","en","co-living-ericeira-villa","/de/kontakt","Non-existent page"
"Entfessele deinen inneren Wellenreiter: Der ultimative Leitfaden für Surfcamps","de","ultimativer-leitfaden-fuer-surfcamps","https://www.rapturecamps.com/de/kontakt/","Non-existent page"
"Ist Surfen schwer?
Die Herausforderungen und Nervenkitzel des Wellenreitens enthüllen","de","ist-surfen-schwer","https://www.rapturecamps.com/de/kontakt/","Non-existent page"
"Sicherheit geht vor: Der Leitfaden für Surfer zum Umgang mit Strandschildern und Flaggen","de","sicherheit-geht-vor-der-leitfaden-fuer-surfer-zum-umgang-mit-strandschildern-und-flaggen","https://www.rapturecamps.com/de/kontakt/","Non-existent page"
"Sicherheit geht vor: Der Leitfaden für Surfer zum Umgang mit Strandschildern und Flaggen","de","sicherheit-geht-vor-der-leitfaden-fuer-surfer-zum-umgang-mit-strandschildern-und-flaggen","https://www.rapturecamps.com/de/kontakt/","Non-existent page"
"Sicherheit geht vor: Der Leitfaden für Surfer zum Umgang mit Strandschildern und Flaggen","de","sicherheit-geht-vor-der-leitfaden-fuer-surfer-zum-umgang-mit-strandschildern-und-flaggen","https://www.rapturecamps.com/de/kontakt/","Non-existent page"
"Surf Lessons in Bali – Tips to Choose the Right Surf Camp for You","en","tips-to-choose-surf-lessons-in-bali","/meet-us-online","Non-existent page"
"Surfen für Anfänger: Wie du die Wellen mit Selbstvertrauen reitest","de","surfen-fuer-anfaenger","https://www.rapturecamps.com/de/kontakt/","Non-existent page"
"Surfen lernen in Ericeira, Portugal: Europas Top Ziel für einen Surfkurs","de","surfen-lernen-in-ericeira-portugal","https://www.rapturecamps.com/de/kontakt/","Non-existent page"
"When is the Surf Season in Portugal?","en","whens-the-best-time-to-surf-in-portugal","/meet-us-online","Non-existent page"
"Wie man die Wellen in Portugal meistert: Ein Leitfaden für Anfänger","de","anfaenger-leitfaden-zum-surfen-in-portugal","https://www.rapturecamps.com/de/kontakt/","Non-existent page"
"10 Things to Do in Playa Avellanas, Costa Rica","en","10-things-to-do-playa-avellanas-costa-rica","/what-to-see-in-tamarindo-costa-rica-rapture-surfcamps","Old WordPress URL (no /blog/ prefix)"
"10 Unique and Incredibly Fun Things To Do In Costa Rica","en","10-fun-things-to-do-in-costa-rica","/learn-to-surf-in-costa-rica-9-epic-reasons-why-you-should-go-right-now","Old WordPress URL (no /blog/ prefix)"
"10 Unique and Incredibly Fun Things To Do In Costa Rica","en","10-fun-things-to-do-in-costa-rica","/planning-a-surf-trip-to-the-tropics-here-are-10-essentials-you-shouldnt-leave-home-without","Old WordPress URL (no /blog/ prefix)"
"19 Things to Pack on a Surf Trip to Nicaragua and Costa Rica","en","what-to-pack-for-costa-rica-and-nicaragua","/travel-insurance-for-your-surf-trip","Old WordPress URL (no /blog/ prefix)"
"29 Reasons Why Everyone Loves Surfing","en","why-is-surfing-popular","/bali-surfcamp/surf-lessons","Old WordPress URL (no /blog/ prefix)"
"47 Surfing Terms To Speak Surf Like a Pro","en","speak-like-a-surfer","/bali-surfcamp/uluwatu","Old WordPress URL (no /blog/ prefix)"
"6 Important Tips for Travelling with a Surfboard","en","traveling-with-a-surfboard-made-easy-in-6-simple-steps","/surf-holidays-vacation-portugal","Old WordPress URL (no /blog/ prefix)"
"7 Reasons why booking a surf camp will be the best thing you ever do","en","book-surf-camp","/10-things-playa-avellanas-costa-rica","Old WordPress URL (no /blog/ prefix)"
"7 Reasons why booking a surf camp will be the best thing you ever do","en","book-surf-camp","/nicaragua-surfresort/surfing-nicaragua","Old WordPress URL (no /blog/ prefix)"
"7 Reasons why booking a surf camp will be the best thing you ever do","en","book-surf-camp","/portugal-surfcamp","Old WordPress URL (no /blog/ prefix)"
"7 Reasons why booking a surf camp will be the best thing you ever do","en","book-surf-camp","/costa-rica-surfcamp","Old WordPress URL (no /blog/ prefix)"
"8 Travel Tips for your Beginner Surf Trip to Bali","en","expert-travels-tips-first-learn-to-surf-trip-to-bali","/learning-to-surf-in-bali-heres-how-to-avoid-the-crowds-and-catch-more-waves","Old WordPress URL (no /blog/ prefix)"
"8 Travel Tips for your Beginner Surf Trip to Bali","en","expert-travels-tips-first-learn-to-surf-trip-to-bali","/surfing-bali-beginners-5-novice-surf-spots","Old WordPress URL (no /blog/ prefix)"
"9 Expert Tips for a Memorable Surf Trip in Costa Rica","en","9-tips-to-help-you-plan-the-perfect-surf-trip-to-costa-rica","/costa-rica-surfcamp","Old WordPress URL (no /blog/ prefix)"
"9 Expert Tips for a Memorable Surf Trip in Costa Rica","en","9-tips-to-help-you-plan-the-perfect-surf-trip-to-costa-rica","/costa-rica-surfcamp","Old WordPress URL (no /blog/ prefix)"
"A Guide to Surfing the Gili Islands","en","surfing-the-gili-islands","/7-things-to-do-on-the-gili-islands","Old WordPress URL (no /blog/ prefix)"
"Booking a surf camp? Guide to Choosing the Right One","en","what-to-look-for-when-booking-a-surf-camp","/bali-surf-lessons-promo","Old WordPress URL (no /blog/ prefix)"
"From Beginner to Pro: Top Surf Camps in Costa Rica for Every Skill Level","en","surf-school-costa-rica","/visiting-playa-avellanas-costa-rica-rapture-surfcamps","Old WordPress URL (no /blog/ prefix)"
"From Beginner to Pro: Top Surf Camps in Costa Rica for Every Skill Level","en","surf-school-costa-rica","/top-5-surf-spots-in-playa-avellanas-costa-rica","Old WordPress URL (no /blog/ prefix)"
"Join the Best Surf School in Nicaragua – Rapture Surfcamps","en","surf-school-nicaragua","/surf-lessons-nicaragua-learn-to-surf-in-paradise-rapture-surfcamps","Old WordPress URL (no /blog/ prefix)"
"Planning a Tropical Surf Trip? Don’t Forget to Pack these 10 Essentials!","en","planning-a-surf-trip-to-the-tropics-10-essentials-you-shouldnt-forget","/top-5-surf-spots-playa-avellanas-costa-rica","Old WordPress URL (no /blog/ prefix)"
"Planning a Tropical Surf Trip? Don’t Forget to Pack these 10 Essentials!","en","planning-a-surf-trip-to-the-tropics-10-essentials-you-shouldnt-forget","/costa-rica-surfcamp","Old WordPress URL (no /blog/ prefix)"
"Planning a Tropical Surf Trip? Don’t Forget to Pack these 10 Essentials!","en","planning-a-surf-trip-to-the-tropics-10-essentials-you-shouldnt-forget","/packing-list-costa-rica-nicaragua","Old WordPress URL (no /blog/ prefix)"
"The Ultimate Couple Getaway? How About a Surf And Yoga Trip To Portugal","en","the-ultimate-couples-getaway-our-surf-camp-in-portugal","/things-to-do-in-ericeira","Old WordPress URL (no /blog/ prefix)"
"The Ultimate Couple Getaway? How About a Surf And Yoga Trip To Portugal","en","the-ultimate-couples-getaway-our-surf-camp-in-portugal","/booking-a-surf-camp-in-portugal-these-are-the-things-you-need-to-know-before-you-go","Old WordPress URL (no /blog/ prefix)"
"Tips to Pull off the Most Epic Surf Trip to Portugal","en","how-to-pull-off-a-surf-trip-in-portugal-this-summer","/booking-a-surf-camp-in-portugal-these-are-the-things-you-need-to-know-before-you-go","Old WordPress URL (no /blog/ prefix)"
"Ultimate Guide to Planning the Perfect Family Surf Trip","en","the-safest-family-friendly-surf-destinations-around-the-world","/travel-insurance-for-your-surf-trip","Old WordPress URL (no /blog/ prefix)"
"How to Dress like a Surfer? 12 Tips to Get Started","en","how-to-style-like-a-surfer-rapturecamps","https://shop.rapturecamps.com/","Shop offline"
"Top-Rated Gifts for Surfers: 2024 Must-Haves","en","gifts-for-surfers-2024","https://shop.rapturecamps.com/product/water-bottle/","Shop offline"
"Top-Rated Gifts for Surfers: 2024 Must-Haves","en","gifts-for-surfers-2024","https://shop.rapturecamps.com/product-category/beach-towels/","Shop offline"
"Top-Rated Gifts for Surfers: 2024 Must-Haves","en","gifts-for-surfers-2024","https://shop.rapturecamps.com/shop/","Shop offline"
"Top-Rated Gifts for Surfers: 2024 Must-Haves","en","gifts-for-surfers-2024","https://shop.rapturecamps.com/product/matte-paper-framed-poster-with-mat/","Shop offline"
"Top-Rated Gifts for Surfers: 2024 Must-Haves","en","gifts-for-surfers-2024","https://shop.rapturecamps.com/#_ga=2.69846162.388105430.1723112534-1432473239.1715848818","Shop offline"