Priority,Type,Used On (# pages),Asset ID,Dimensions,Action,Image URL
High,Content Image (Sanity),14,543ad436500cc9c53ff5b421064d753303c82021-1080x720.jpg,,Add alt text in Sanity,https://cdn.sanity.io/images/ypmt1bmc/production/543ad436500cc9c53ff5b421064d753303c82021-1080x720.jpg?w=1200&auto=format
High,Content Image (Sanity),12,a7b2777f9daca28e56bf88c98ea4de2ed7ee12d7-1920x1280.webp,,Add alt text in Sanity,https://cdn.sanity.io/images/ypmt1bmc/production/a7b2777f9daca28e56bf88c98ea4de2ed7ee12d7-1920x1280.webp?w=1920&h=1280&fit=crop&auto=format
High,Content Image (Sanity),12,461d635bbed1b57c7621e8acc7568dc9e4aecc6a-1920x1280.jpg,,Add alt text in Sanity,https://cdn.sanity.io/images/ypmt1bmc/production/461d635bbed1b57c7621e8acc7568dc9e4aecc6a-1920x1280.jpg?w=1920&h=1280&fit=crop&auto=format
High,Content Image (Sanity),8,62567882151404d7a94101349ac26267ce801879-1920x1280.webp,,Add alt text in Sanity,https://cdn.sanity.io/images/ypmt1bmc/production/62567882151404d7a94101349ac26267ce801879-1920x1280.webp?w=1920&h=1280&fit=crop&auto=format
High,Content Image (Sanity),8,8963157d048cc0b4b45f7b6a374359a592886b00-1080x720.jpg,,Add alt text in Sanity,https://cdn.sanity.io/images/ypmt1bmc/production/8963157d048cc0b4b45f7b6a374359a592886b00-1080x720.jpg?w=1200&auto=format
High,Content Image (Sanity),7,4218ceaf0716f6025d079491b1abee590b649264-1080x720.jpg,,Add alt text in Sanity,https://cdn.sanity.io/images/ypmt1bmc/production/4218ceaf0716f6025d079491b1abee590b649264-1080x720.jpg?w=1200&auto=format
Medium,Content Image (Sanity),5,575100976a31f7695f70fbd752e2cc2edc8d7a00-1080x717.jpg,,Add alt text in Sanity,https://cdn.sanity.io/images/ypmt1bmc/production/575100976a31f7695f70fbd752e2cc2edc8d7a00-1080x717.jpg?w=1200&auto=format
Medium,Content Image (Sanity),5,dd432baf4f3787fddbcb11ff164ba14bd8709bf7-1024x678.jpg,,Add alt text in Sanity,https://cdn.sanity.io/images/ypmt1bmc/production/dd432baf4f3787fddbcb11ff164ba14bd8709bf7-1024x678.jpg?w=1200&auto=format
Medium,Content Image (Sanity),5,e41f823e29da4dd0e72640dda1a89b5038453373-800x534.jpg,,Add alt text in Sanity,https://cdn.sanity.io/images/ypmt1bmc/production/e41f823e29da4dd0e72640dda1a89b5038453373-800x534.jpg?w=1200&auto=format
Medium,Content Image (Sanity),4,19025d7dfb33736de4ced73577499f78804ab24e-1920x1280.jpg,,Add alt text in Sanity,https://cdn.sanity.io/images/ypmt1bmc/production/19025d7dfb33736de4ced73577499f78804ab24e-1920x1280.jpg?w=1920&h=1280&fit=crop&auto=format
Medium,Content Image (Sanity),4,65cb0a8aff4273d6b3ed88e3bc73d717bd37b09d-1920x1280.webp,,Add alt text in Sanity,https://cdn.sanity.io/images/ypmt1bmc/production/65cb0a8aff4273d6b3ed88e3bc73d717bd37b09d-1920x1280.webp?w=1920&h=1280&fit=crop&auto=format
Medium,Content Image (Sanity),4,e448132d8ab7987bef19000b1801d33b2ab76312-1920x1080.jpg,,Add alt text in Sanity,https://cdn.sanity.io/images/ypmt1bmc/production/e448132d8ab7987bef19000b1801d33b2ab76312-1920x1080.jpg?w=1920&h=1080&fit=crop&auto=format
Medium,Content Image (Sanity),4,c60437420d5607913518182dc07a73ec314a4f08-1080x720.jpg,,Add alt text in Sanity,https://cdn.sanity.io/images/ypmt1bmc/production/c60437420d5607913518182dc07a73ec314a4f08-1080x720.jpg?w=1080&h=720&fit=crop&auto=format
Medium,Content Image (Sanity),4,6de3a7151ea79bee57757655af90c06eca587cc7-1920x1280.jpg,,Add alt text in Sanity,https://cdn.sanity.io/images/ypmt1bmc/production/6de3a7151ea79bee57757655af90c06eca587cc7-1920x1280.jpg?w=1920&h=1280&fit=crop&auto=format
Medium,Content Image (Sanity),4,d2c0cdefa1cf1cab8feb679fe9397e59467d3e77-1920x1280.webp,,Add alt text in Sanity,https://cdn.sanity.io/images/ypmt1bmc/production/d2c0cdefa1cf1cab8feb679fe9397e59467d3e77-1920x1280.webp?w=1920&h=1280&fit=crop&auto=format
Medium,Content Image (Sanity),4,4847be54c604bf64b5cb51e47f3e5de78266deef-1920x1280.jpg,,Add alt text in Sanity,https://cdn.sanity.io/images/ypmt1bmc/production/4847be54c604bf64b5cb51e47f3e5de78266deef-1920x1280.jpg?w=1920&h=1280&fit=crop&auto=format
Medium,Content Image (Sanity),4,d4ea90cd4a1935d76110c36141c843f4beafa135-1024x768.jpg,,Add alt text in Sanity,https://cdn.sanity.io/images/ypmt1bmc/production/d4ea90cd4a1935d76110c36141c843f4beafa135-1024x768.jpg?w=1200&auto=format
Medium,Content Image (Sanity),4,814e36e4ff53f7871108068d811dde07c0b31dea-1920x1080.jpg,,Add alt text in Sanity,https://cdn.sanity.io/images/ypmt1bmc/production/814e36e4ff53f7871108068d811dde07c0b31dea-1920x1080.jpg?w=1920&h=1080&fit=crop&auto=format
Medium,Content Image (Sanity),4,7840197f3e8d3fc23035627ba320d5c6190edb02-1920x1280.jpg,,Add alt text in Sanity,https://cdn.sanity.io/images/ypmt1bmc/production/7840197f3e8d3fc23035627ba320d5c6190edb02-1920x1280.jpg?w=1920&h=1280&fit=crop&auto=format
Medium,Content Image (Sanity),4,f2e517fbb113fc9378fb2f9c6c9fb32bc2b82fb0-1920x1280.webp,,Add alt text in Sanity,https://cdn.sanity.io/images/ypmt1bmc/production/f2e517fbb113fc9378fb2f9c6c9fb32bc2b82fb0-1920x1280.webp?w=1920&h=1280&fit=crop&auto=format
Medium,Content Image (Sanity),4,02ce1ce9bcfd22d091ba20b9158043c35c1eeccc-1080x720.jpg,,Add alt text in Sanity,https://cdn.sanity.io/images/ypmt1bmc/production/02ce1ce9bcfd22d091ba20b9158043c35c1eeccc-1080x720.jpg?w=1080&h=720&fit=crop&auto=format
Medium,Content Image (Sanity),3,0a9f827846564ba0a2fbcb2afa6a60bb8d79ca8b-1024x768.webp,,Add alt text in Sanity,https://cdn.sanity.io/images/ypmt1bmc/production/0a9f827846564ba0a2fbcb2afa6a60bb8d79ca8b-1024x768.webp?w=1200&auto=format
Medium,Content Image (Sanity),3,b0b9b8d4858ff941d26cfa4c4da06ec385131dd1-800x533.jpg,,Add alt text in Sanity,https://cdn.sanity.io/images/ypmt1bmc/production/b0b9b8d4858ff941d26cfa4c4da06ec385131dd1-800x533.jpg?w=1200&auto=format
Medium,Content Image (Sanity),3,a3511e78f9b1a8d11c2021cd7b2a6b4a5baac13a-800x530.jpg,,Add alt text in Sanity,https://cdn.sanity.io/images/ypmt1bmc/production/a3511e78f9b1a8d11c2021cd7b2a6b4a5baac13a-800x530.jpg?w=1200&auto=format
Medium,Content Image (Sanity),3,6fe6c67a42164c7f821f199f5d50b2b44129ce21-1080x720.jpg,,Add alt text in Sanity,https://cdn.sanity.io/images/ypmt1bmc/production/6fe6c67a42164c7f821f199f5d50b2b44129ce21-1080x720.jpg?w=1200&auto=format
Medium,Content Image (Sanity),3,d6c98adfe8feef932372e20ba89a9f7180c573a5-1024x576.jpg,,Add alt text in Sanity,https://cdn.sanity.io/images/ypmt1bmc/production/d6c98adfe8feef932372e20ba89a9f7180c573a5-1024x576.jpg?w=1200&auto=format
Medium,Content Image (Sanity),3,907e48d44df1fb227a9fbacf136de2a863f12d06-1024x683.jpg,,Add alt text in Sanity,https://cdn.sanity.io/images/ypmt1bmc/production/907e48d44df1fb227a9fbacf136de2a863f12d06-1024x683.jpg?w=1200&auto=format
Medium,Content Image (Sanity),3,e907b6997eaf822f72c54a43acfc5f8f81979a06-1024x687.png,,Add alt text in Sanity,https://cdn.sanity.io/images/ypmt1bmc/production/e907b6997eaf822f72c54a43acfc5f8f81979a06-1024x687.png?w=1200&auto=format
Medium,Content Image (Sanity),3,fd4c30037f28c578a74cd30b2b8e7fc2aa8c6713-1024x683.jpg,,Add alt text in Sanity,https://cdn.sanity.io/images/ypmt1bmc/production/fd4c30037f28c578a74cd30b2b8e7fc2aa8c6713-1024x683.jpg?w=1200&auto=format
Medium,Content Image (Sanity),3,20386618d40449d3686c811623103a9bd654e9b6-800x600.jpg,,Add alt text in Sanity,https://cdn.sanity.io/images/ypmt1bmc/production/20386618d40449d3686c811623103a9bd654e9b6-800x600.jpg?w=1200&auto=format
Medium,Content Image (Sanity),3,b6cd83fed80f0661c686bad518a6b244ed7ed54a-1024x683.jpg,,Add alt text in Sanity,https://cdn.sanity.io/images/ypmt1bmc/production/b6cd83fed80f0661c686bad518a6b244ed7ed54a-1024x683.jpg?w=1200&auto=format
Medium,Content Image (Sanity),2,49f58d4935b880e5c90d3d091d0da517af3e8d61-1280x1920.jpg,,Add alt text in Sanity,https://cdn.sanity.io/images/ypmt1bmc/production/49f58d4935b880e5c90d3d091d0da517af3e8d61-1280x1920.jpg?w=1200&auto=format
Medium,Content Image (Sanity),2,1bf928bcae240012c4e43a9ae856138b4251c8f0-1920x1080.jpg,,Add alt text in Sanity,https://cdn.sanity.io/images/ypmt1bmc/production/1bf928bcae240012c4e43a9ae856138b4251c8f0-1920x1080.jpg?w=1200&auto=format
Medium,Content Image (Sanity),2,346e8c828b46c341d61ea06d60a37284e474b664-1024x683.jpg,,Add alt text in Sanity,https://cdn.sanity.io/images/ypmt1bmc/production/346e8c828b46c341d61ea06d60a37284e474b664-1024x683.jpg?w=1200&auto=format
Medium,Content Image (Sanity),2,fd9ea50bc1f9831694438ad44cc396899ebdfb92-1080x1422.jpg,,Add alt text in Sanity,https://cdn.sanity.io/images/ypmt1bmc/production/fd9ea50bc1f9831694438ad44cc396899ebdfb92-1080x1422.jpg?w=1200&auto=format
Medium,Content Image (Sanity),2,01ef26850e6d48a5d0eb002b0b4f9cc4621c5ed6-1280x1920.jpg,,Add alt text in Sanity,https://cdn.sanity.io/images/ypmt1bmc/production/01ef26850e6d48a5d0eb002b0b4f9cc4621c5ed6-1280x1920.jpg?w=1200&auto=format
Medium,Content Image (Sanity),2,2c0bc18db65ffb16215f34a45094d4a7c2ad120c-1920x1082.jpg,,Add alt text in Sanity,https://cdn.sanity.io/images/ypmt1bmc/production/2c0bc18db65ffb16215f34a45094d4a7c2ad120c-1920x1082.jpg?w=1200&auto=format
Medium,Content Image (Sanity),2,a9aff0c089405d7d41ab329ca461add7d8dce205-1920x1280.jpg,,Add alt text in Sanity,https://cdn.sanity.io/images/ypmt1bmc/production/a9aff0c089405d7d41ab329ca461add7d8dce205-1920x1280.jpg?w=1200&auto=format
Medium,Content Image (Sanity),2,46269216594dca9a811eb7bddd8c6a1f99f07c49-1280x1920.jpg,,Add alt text in Sanity,https://cdn.sanity.io/images/ypmt1bmc/production/46269216594dca9a811eb7bddd8c6a1f99f07c49-1280x1920.jpg?w=1200&auto=format
Medium,Content Image (Sanity),2,af6cd14f9aa8ded3661b4910f00c57bf1491fff9-1920x1080.jpg,,Add alt text in Sanity,https://cdn.sanity.io/images/ypmt1bmc/production/af6cd14f9aa8ded3661b4910f00c57bf1491fff9-1920x1080.jpg?w=1200&auto=format
Medium,Content Image (Sanity),2,833e55ad821988153346afb1f0e4affc4a6c1a44-1920x1080.jpg,,Add alt text in Sanity,https://cdn.sanity.io/images/ypmt1bmc/production/833e55ad821988153346afb1f0e4affc4a6c1a44-1920x1080.jpg?w=1200&auto=format
Medium,Content Image (Sanity),2,befe6dcdf1aa4738f9b13e932f95647e00645896-1225x490.jpg,,Add alt text in Sanity,https://cdn.sanity.io/images/ypmt1bmc/production/befe6dcdf1aa4738f9b13e932f95647e00645896-1225x490.jpg?w=1200&auto=format
Medium,Content Image (Sanity),2,ae258b85b9c1955cf518e7585e3805fd6db658b4-400x400.jpg,,Add alt text in Sanity,https://cdn.sanity.io/images/ypmt1bmc/production/ae258b85b9c1955cf518e7585e3805fd6db658b4-400x400.jpg?w=1200&auto=format
Medium,Content Image (Sanity),2,8d445417805fa19e954bf7e27304f6cc130cfb8d-1080x720.jpg,,Add alt text in Sanity,https://cdn.sanity.io/images/ypmt1bmc/production/8d445417805fa19e954bf7e27304f6cc130cfb8d-1080x720.jpg?w=1200&auto=format
Medium,GIF/Animated,1,664eb67f67d7791512fb6183efd69fe2ec73a261-800x500.gif,,Add alt text,https://cdn.sanity.io/images/ypmt1bmc/production/664eb67f67d7791512fb6183efd69fe2ec73a261-800x500.gif?w=1200&auto=format
Low,SVG Image,96,f1d87e8045dfce5f265143b6d8bb0d215cd9b629-27x19.svg,,OK (decorative),https://cdn.sanity.io/images/ypmt1bmc/production/f1d87e8045dfce5f265143b6d8bb0d215cd9b629-27x19.svg
Low,Decorative Icon (SVG),80,a77155d7e580aa55cae4ae33fc31f7e9b2c34167-26x26.svg,,OK (decorative),https://cdn.sanity.io/images/ypmt1bmc/production/a77155d7e580aa55cae4ae33fc31f7e9b2c34167-26x26.svg
Low,Decorative Icon (SVG),48,15c43f790844dcd65e290f214bf92a74ab2722f5-26x26.svg,,OK (decorative),https://cdn.sanity.io/images/ypmt1bmc/production/15c43f790844dcd65e290f214bf92a74ab2722f5-26x26.svg
Low,Decorative Icon (SVG),48,e0c583f2291b3c0f2d9910caaea5f1099cf4e220-26x26.svg,,OK (decorative),https://cdn.sanity.io/images/ypmt1bmc/production/e0c583f2291b3c0f2d9910caaea5f1099cf4e220-26x26.svg
Low,Decorative Icon (SVG),48,d9eee300b50c3cf0f7f8f417a13b8dc9145344df-26x26.svg,,OK (decorative),https://cdn.sanity.io/images/ypmt1bmc/production/d9eee300b50c3cf0f7f8f417a13b8dc9145344df-26x26.svg
Low,Decorative Icon (SVG),48,52b8e714d7b1d1cb41368a146514824b9c8a4290-26x26.svg,,OK (decorative),https://cdn.sanity.io/images/ypmt1bmc/production/52b8e714d7b1d1cb41368a146514824b9c8a4290-26x26.svg
Low,SVG Image,48,f0e7fc927645bb442aa98a15d385dc059fef9306-30x20.svg,,OK (decorative),https://cdn.sanity.io/images/ypmt1bmc/production/f0e7fc927645bb442aa98a15d385dc059fef9306-30x20.svg
Low,Decorative Icon (SVG),48,ae20c2003b8eacd86495bae08118e34d661d6f05-24x24.svg,,OK (decorative),https://cdn.sanity.io/images/ypmt1bmc/production/ae20c2003b8eacd86495bae08118e34d661d6f05-24x24.svg
Low,Decorative Icon (SVG),48,015d33d9867a511767bd00ff49352777c13b5b78-26x26.svg,,OK (decorative),https://cdn.sanity.io/images/ypmt1bmc/production/015d33d9867a511767bd00ff49352777c13b5b78-26x26.svg
Low,Decorative Icon (SVG),48,ae5861edeb226daaac288b906c9bfa3c77606337-26x26.svg,,OK (decorative),https://cdn.sanity.io/images/ypmt1bmc/production/ae5861edeb226daaac288b906c9bfa3c77606337-26x26.svg
Low,SVG Image,48,0524a88e9d5a3d18825b3ff084faab631cc572f1-24x23.svg,,OK (decorative),https://cdn.sanity.io/images/ypmt1bmc/production/0524a88e9d5a3d18825b3ff084faab631cc572f1-24x23.svg
Low,Decorative Icon (SVG),48,27a483d9c8871f5b8a45859b433bf83c6f356e0f-26x26.svg,,OK (decorative),https://cdn.sanity.io/images/ypmt1bmc/production/27a483d9c8871f5b8a45859b433bf83c6f356e0f-26x26.svg
Low,Decorative Icon (SVG),48,949b60c93d7de59a0b25834800b5c88a9ece3542-26x26.svg,,OK (decorative),https://cdn.sanity.io/images/ypmt1bmc/production/949b60c93d7de59a0b25834800b5c88a9ece3542-26x26.svg
Low,Decorative Icon (SVG),48,f1fb3a0f0c94c99218b62102ca3a5031ea837375-26x26.svg,,OK (decorative),https://cdn.sanity.io/images/ypmt1bmc/production/f1fb3a0f0c94c99218b62102ca3a5031ea837375-26x26.svg
Low,Content Image (Sanity),1,34a488b77d65391f1a0c677710ee44b53e81ae0c-1920x1080.jpg,,Add alt text in Sanity,https://cdn.sanity.io/images/ypmt1bmc/production/34a488b77d65391f1a0c677710ee44b53e81ae0c-1920x1080.jpg?w=1200&auto=format
Low,Content Image (Sanity),1,65e208be388a038d0fc04cc2c60eaeec197b3baf-1920x1080.jpg,,Add alt text in Sanity,https://cdn.sanity.io/images/ypmt1bmc/production/65e208be388a038d0fc04cc2c60eaeec197b3baf-1920x1080.jpg?w=1200&auto=format
Low,Content Image (Sanity),1,545e40218fbe452f8f7aecdf7f86a3277c9eda27-1920x1080.webp,,Add alt text in Sanity,https://cdn.sanity.io/images/ypmt1bmc/production/545e40218fbe452f8f7aecdf7f86a3277c9eda27-1920x1080.webp?w=1200&auto=format
Low,Content Image (Sanity),1,d91f6920f9e698ee288f52209ef3f4ada7db869b-1920x1080.jpg,,Add alt text in Sanity,https://cdn.sanity.io/images/ypmt1bmc/production/d91f6920f9e698ee288f52209ef3f4ada7db869b-1920x1080.jpg?w=1200&auto=format
Low,Content Image (Sanity),1,f278e3aec68c75a18bc634c12c31172c36a2e596-1920x1080.jpg,,Add alt text in Sanity,https://cdn.sanity.io/images/ypmt1bmc/production/f278e3aec68c75a18bc634c12c31172c36a2e596-1920x1080.jpg?w=1200&auto=format
Low,Content Image (Sanity),1,93727259a0e4b7aa892865d217cc641375e77ef4-1920x1280.jpg,,Add alt text in Sanity,https://cdn.sanity.io/images/ypmt1bmc/production/93727259a0e4b7aa892865d217cc641375e77ef4-1920x1280.jpg?w=1200&auto=format
Low,Content Image (Sanity),1,05cbc941c8a8de9d1817edf02837973e2c1ac9e6-1920x1080.jpg,,Add alt text in Sanity,https://cdn.sanity.io/images/ypmt1bmc/production/05cbc941c8a8de9d1817edf02837973e2c1ac9e6-1920x1080.jpg?w=1200&auto=format
Low,Content Image (Sanity),1,d33257dac78f567067d618886f700ab88d6a3c1e-1000x667.jpg,,Add alt text in Sanity,https://cdn.sanity.io/images/ypmt1bmc/production/d33257dac78f567067d618886f700ab88d6a3c1e-1000x667.jpg?w=1200&auto=format
Low,Content Image (Sanity),1,75c658cb4837518c5ed99cfc1d65652d89b0f8bc-1920x1080.jpg,,Add alt text in Sanity,https://cdn.sanity.io/images/ypmt1bmc/production/75c658cb4837518c5ed99cfc1d65652d89b0f8bc-1920x1080.jpg?w=1200&auto=format
Low,Content Image (Sanity),1,d08c511fbf4302ca2ba28c29b8bc6a73f5edeb70-1920x1080.jpg,,Add alt text in Sanity,https://cdn.sanity.io/images/ypmt1bmc/production/d08c511fbf4302ca2ba28c29b8bc6a73f5edeb70-1920x1080.jpg?w=1200&auto=format
Low,Content Image (Sanity),1,61c6d88c3e67bf04cc54e19920d2c9b20e80d6cd-1920x1080.jpg,,Add alt text in Sanity,https://cdn.sanity.io/images/ypmt1bmc/production/61c6d88c3e67bf04cc54e19920d2c9b20e80d6cd-1920x1080.jpg?w=1200&auto=format
Low,Content Image (Sanity),1,0dc442b854a1a0730fbf2ef44b7b10025c0a6928-1499x1000.jpg,,Add alt text in Sanity,https://cdn.sanity.io/images/ypmt1bmc/production/0dc442b854a1a0730fbf2ef44b7b10025c0a6928-1499x1000.jpg?w=1200&auto=format
Low,Content Image (Sanity),1,69092ec3cf95595c886f7cf2e1472c655782c2ec-1920x1272.jpg,,Add alt text in Sanity,https://cdn.sanity.io/images/ypmt1bmc/production/69092ec3cf95595c886f7cf2e1472c655782c2ec-1920x1272.jpg?w=1200&auto=format
Low,Content Image (Sanity),1,8a4a1fed3ab93c95d0c049c19976e3f253ab13bb-1920x1080.webp,,Add alt text in Sanity,https://cdn.sanity.io/images/ypmt1bmc/production/8a4a1fed3ab93c95d0c049c19976e3f253ab13bb-1920x1080.webp?w=1200&auto=format
Low,Content Image (Sanity),1,b6ccdd1631f170b9c347b3c83ed823bdc7b2842f-1920x1275.jpg,,Add alt text in Sanity,https://cdn.sanity.io/images/ypmt1bmc/production/b6ccdd1631f170b9c347b3c83ed823bdc7b2842f-1920x1275.jpg?w=1200&auto=format
Low,Content Image (Sanity),1,3cdd7f5d7d85041c79a42b51f9d5efd50ce293ed-1667x1042.webp,,Add alt text in Sanity,https://cdn.sanity.io/images/ypmt1bmc/production/3cdd7f5d7d85041c79a42b51f9d5efd50ce293ed-1667x1042.webp?w=1200&auto=format
Low,Content Image (Sanity),1,a577fa29e7d41708971415b5e2f9f992ae34587a-1920x1080.jpg,,Add alt text in Sanity,https://cdn.sanity.io/images/ypmt1bmc/production/a577fa29e7d41708971415b5e2f9f992ae34587a-1920x1080.jpg?w=1200&auto=format
Low,Content Image (Sanity),1,6023d47c8ee567e0e66c5cc041029404ea08330b-1920x1080.jpg,,Add alt text in Sanity,https://cdn.sanity.io/images/ypmt1bmc/production/6023d47c8ee567e0e66c5cc041029404ea08330b-1920x1080.jpg?w=1200&auto=format
Low,Content Image (Sanity),1,880574c988649324bafb68c62ad22e4d03269d49-1920x1080.jpg,,Add alt text in Sanity,https://cdn.sanity.io/images/ypmt1bmc/production/880574c988649324bafb68c62ad22e4d03269d49-1920x1080.jpg?w=1200&auto=format
Low,Content Image (Sanity),1,2f89719e9a3a07c4601cfde65478d37d7b34144d-1920x1080.jpg,,Add alt text in Sanity,https://cdn.sanity.io/images/ypmt1bmc/production/2f89719e9a3a07c4601cfde65478d37d7b34144d-1920x1080.jpg?w=1200&auto=format
Low,Content Image (Sanity),1,7c797f79d542fc35d50dbc894ae6ca44f69e060c-1920x1080.jpg,,Add alt text in Sanity,https://cdn.sanity.io/images/ypmt1bmc/production/7c797f79d542fc35d50dbc894ae6ca44f69e060c-1920x1080.jpg?w=1200&auto=format
Low,Content Image (Sanity),1,163ae8b3e2ffeb5551c1a389af779cc3fa4c05ac-1920x1080.jpg,,Add alt text in Sanity,https://cdn.sanity.io/images/ypmt1bmc/production/163ae8b3e2ffeb5551c1a389af779cc3fa4c05ac-1920x1080.jpg?w=1200&auto=format
Low,Content Image (Sanity),1,e804512ecc27fdb9a96fa69734b9ab5ba483637e-1920x1080.jpg,,Add alt text in Sanity,https://cdn.sanity.io/images/ypmt1bmc/production/e804512ecc27fdb9a96fa69734b9ab5ba483637e-1920x1080.jpg?w=1200&auto=format
Low,Content Image (Sanity),1,636fa68fc99b755e5cffe9cdb8f32936dd2d9c3e-1920x1080.jpg,,Add alt text in Sanity,https://cdn.sanity.io/images/ypmt1bmc/production/636fa68fc99b755e5cffe9cdb8f32936dd2d9c3e-1920x1080.jpg?w=1200&auto=format
Low,Content Image (Sanity),1,32497f5792347615b4f48b12c28887204045f43e-1920x1280.jpg,,Add alt text in Sanity,https://cdn.sanity.io/images/ypmt1bmc/production/32497f5792347615b4f48b12c28887204045f43e-1920x1280.jpg?w=1200&auto=format
Low,Content Image (Sanity),1,046e77d36a8b0d6015f915aecf3ef1e6de5d5e1b-1920x1280.jpg,,Add alt text in Sanity,https://cdn.sanity.io/images/ypmt1bmc/production/046e77d36a8b0d6015f915aecf3ef1e6de5d5e1b-1920x1280.jpg?w=1200&auto=format
Low,Content Image (Sanity),1,e6721e57dfab0f99017af6d34b89bd3af94b11f5-1920x1080.jpg,,Add alt text in Sanity,https://cdn.sanity.io/images/ypmt1bmc/production/e6721e57dfab0f99017af6d34b89bd3af94b11f5-1920x1080.jpg?w=1200&auto=format
Low,Content Image (Sanity),1,57de5738d3de74d6916bcc5f08a0e9c972fd6168-800x534.jpg,,Add alt text in Sanity,https://cdn.sanity.io/images/ypmt1bmc/production/57de5738d3de74d6916bcc5f08a0e9c972fd6168-800x534.jpg?w=1200&auto=format
Low,Content Image (Sanity),1,da915ccdf27bfa3c2599cd6baefd0144817c3a70-1920x1280.jpg,,Add alt text in Sanity,https://cdn.sanity.io/images/ypmt1bmc/production/da915ccdf27bfa3c2599cd6baefd0144817c3a70-1920x1280.jpg?w=1200&auto=format
Low,Content Image (Sanity),1,9f6615acd5e4369803eea6c3cc90e9586419a672-1920x1080.jpg,,Add alt text in Sanity,https://cdn.sanity.io/images/ypmt1bmc/production/9f6615acd5e4369803eea6c3cc90e9586419a672-1920x1080.jpg?w=1200&auto=format
Low,Content Image (Sanity),1,1121890b762d8307a96d5dda83e59dd1295cd404-1080x720.jpg,,Add alt text in Sanity,https://cdn.sanity.io/images/ypmt1bmc/production/1121890b762d8307a96d5dda83e59dd1295cd404-1080x720.jpg?w=1200&auto=format
Low,Content Image (Sanity),1,6be97aab051a04c925f41d4010161e45057b6b31-1920x1080.jpg,,Add alt text in Sanity,https://cdn.sanity.io/images/ypmt1bmc/production/6be97aab051a04c925f41d4010161e45057b6b31-1920x1080.jpg?w=1200&auto=format
Low,Content Image (Sanity),1,88fe07ef0cfab66eb78c1d08345570377e7d78b2-1920x1080.webp,,Add alt text in Sanity,https://cdn.sanity.io/images/ypmt1bmc/production/88fe07ef0cfab66eb78c1d08345570377e7d78b2-1920x1080.webp?w=1200&auto=format
Low,Content Image (Sanity),1,3e19bbdf0099916753beb7a63cd22d6e94cc7e39-1499x1000.jpg,,Add alt text in Sanity,https://cdn.sanity.io/images/ypmt1bmc/production/3e19bbdf0099916753beb7a63cd22d6e94cc7e39-1499x1000.jpg?w=1200&auto=format
Low,Content Image (Sanity),1,e7cd06ca5eae1dfe1ab3ba2b956775ed40de5da6-1920x1080.jpg,,Add alt text in Sanity,https://cdn.sanity.io/images/ypmt1bmc/production/e7cd06ca5eae1dfe1ab3ba2b956775ed40de5da6-1920x1080.jpg?w=1200&auto=format
Low,Content Image (Sanity),1,3c76467e23a2b107d415f47dd1fffdb7e401e7c0-1920x1080.jpg,,Add alt text in Sanity,https://cdn.sanity.io/images/ypmt1bmc/production/3c76467e23a2b107d415f47dd1fffdb7e401e7c0-1920x1080.jpg?w=1200&auto=format
Low,Content Image (Sanity),1,25c5cf4abb751f79a2f94a96b473195d86fd6791-1920x1080.jpg,,Add alt text in Sanity,https://cdn.sanity.io/images/ypmt1bmc/production/25c5cf4abb751f79a2f94a96b473195d86fd6791-1920x1080.jpg?w=1200&auto=format
Low,Content Image (Sanity),1,a773bd67a6be03ed4b04137e3e85618cc1029168-1920x1280.jpg,,Add alt text in Sanity,https://cdn.sanity.io/images/ypmt1bmc/production/a773bd67a6be03ed4b04137e3e85618cc1029168-1920x1280.jpg?w=1200&auto=format
Low,Content Image (Sanity),1,fee7bf613c2604046867b61bbf44f1912efe4ea0-780x336.jpg,,Add alt text in Sanity,https://cdn.sanity.io/images/ypmt1bmc/production/fee7bf613c2604046867b61bbf44f1912efe4ea0-780x336.jpg?w=1200&auto=format
Low,Content Image (Sanity),1,10205f9e04bcd88ed1e224f1db279d26e992a653-1920x1080.jpg,,Add alt text in Sanity,https://cdn.sanity.io/images/ypmt1bmc/production/10205f9e04bcd88ed1e224f1db279d26e992a653-1920x1080.jpg?w=1200&auto=format
Low,Content Image (Sanity),1,75e0968646a4230364a21319973aeccf81596fc7-1920x1280.jpg,,Add alt text in Sanity,https://cdn.sanity.io/images/ypmt1bmc/production/75e0968646a4230364a21319973aeccf81596fc7-1920x1280.jpg?w=1200&auto=format
Low,Content Image (Sanity),1,e23aa4c6b1b0916e460c24c7b9d7f6a377bf7050-1024x683.jpg,,Add alt text in Sanity,https://cdn.sanity.io/images/ypmt1bmc/production/e23aa4c6b1b0916e460c24c7b9d7f6a377bf7050-1024x683.jpg?w=1200&auto=format
Low,Content Image (Sanity),1,3537e434b4794c700260397153b94d957dc909c4-1920x1080.jpg,,Add alt text in Sanity,https://cdn.sanity.io/images/ypmt1bmc/production/3537e434b4794c700260397153b94d957dc909c4-1920x1080.jpg?w=1200&auto=format
Low,Content Image (Sanity),1,99274cf6248570a4113265e15671909d071c2628-1080x499.jpg,,Add alt text in Sanity,https://cdn.sanity.io/images/ypmt1bmc/production/99274cf6248570a4113265e15671909d071c2628-1080x499.jpg?w=1200&auto=format
Low,Content Image (Sanity),1,367b611b93e2f6a9012bc252be894caae11a8f31-1920x1080.jpg,,Add alt text in Sanity,https://cdn.sanity.io/images/ypmt1bmc/production/367b611b93e2f6a9012bc252be894caae11a8f31-1920x1080.jpg?w=1200&auto=format
Low,Content Image (Sanity),1,f2a38cecaca1e1e7be74ca8aa9e8e03c617d66d1-1920x1080.jpg,,Add alt text in Sanity,https://cdn.sanity.io/images/ypmt1bmc/production/f2a38cecaca1e1e7be74ca8aa9e8e03c617d66d1-1920x1080.jpg?w=1200&auto=format
Low,Content Image (Sanity),1,d19b99d784bbe4943a025e9c06a610436fe6fe07-1024x682.jpg,,Add alt text in Sanity,https://cdn.sanity.io/images/ypmt1bmc/production/d19b99d784bbe4943a025e9c06a610436fe6fe07-1024x682.jpg?w=1200&auto=format
Low,Content Image (Sanity),1,ec69425bbbb534a71121208cdb0bee1da7325e5e-1920x1080.jpg,,Add alt text in Sanity,https://cdn.sanity.io/images/ypmt1bmc/production/ec69425bbbb534a71121208cdb0bee1da7325e5e-1920x1080.jpg?w=1200&auto=format
Low,Content Image (Sanity),1,be8908af70dac979c39881b5a9677ee646eb7a42-1920x1280.jpg,,Add alt text in Sanity,https://cdn.sanity.io/images/ypmt1bmc/production/be8908af70dac979c39881b5a9677ee646eb7a42-1920x1280.jpg?w=1200&auto=format
Low,Content Image (Sanity),1,27e8fba3a1e9dba68c062f72aa27e2d46f54ef47-1920x1080.jpg,,Add alt text in Sanity,https://cdn.sanity.io/images/ypmt1bmc/production/27e8fba3a1e9dba68c062f72aa27e2d46f54ef47-1920x1080.jpg?w=1200&auto=format
Low,Content Image (Sanity),1,9399860412ed553c52263f2a3568de8dda77bf2f-1920x1080.jpg,,Add alt text in Sanity,https://cdn.sanity.io/images/ypmt1bmc/production/9399860412ed553c52263f2a3568de8dda77bf2f-1920x1080.jpg?w=1200&auto=format
Low,Content Image (Sanity),1,f394ffdfed1ba1ddeb269787fdd4b6436a5f56a7-1920x1080.jpg,,Add alt text in Sanity,https://cdn.sanity.io/images/ypmt1bmc/production/f394ffdfed1ba1ddeb269787fdd4b6436a5f56a7-1920x1080.jpg?w=1200&auto=format
Low,Content Image (Sanity),1,491464f808bf86bf14550899603f74c3f9862a67-1280x1920.jpg,,Add alt text in Sanity,https://cdn.sanity.io/images/ypmt1bmc/production/491464f808bf86bf14550899603f74c3f9862a67-1280x1920.jpg?w=1200&auto=format
Low,Content Image (Sanity),1,7686264a3e817d29a3ea7166c600e726a609e380-1080x1350.jpg,,Add alt text in Sanity,https://cdn.sanity.io/images/ypmt1bmc/production/7686264a3e817d29a3ea7166c600e726a609e380-1080x1350.jpg?w=1200&auto=format
Low,Content Image (Sanity),1,6a384595b3030eaa423a8a80f56dcca2c18e8a25-1667x1042.webp,,Add alt text in Sanity,https://cdn.sanity.io/images/ypmt1bmc/production/6a384595b3030eaa423a8a80f56dcca2c18e8a25-1667x1042.webp?w=1200&auto=format
Low,Content Image (Sanity),1,87a7c28a588da9ce11649ad03ba363dd127c0af4-1920x1080.jpg,,Add alt text in Sanity,https://cdn.sanity.io/images/ypmt1bmc/production/87a7c28a588da9ce11649ad03ba363dd127c0af4-1920x1080.jpg?w=1200&auto=format
Low,Content Image (Sanity),1,c9e05cceb962093f90b74ac514cc2a4f4db78565-1920x1080.jpg,,Add alt text in Sanity,https://cdn.sanity.io/images/ypmt1bmc/production/c9e05cceb962093f90b74ac514cc2a4f4db78565-1920x1080.jpg?w=1200&auto=format
Low,Content Image (Sanity),1,d55437684ffb914416fa5fc76881dd58c5fd360f-1920x1080.jpg,,Add alt text in Sanity,https://cdn.sanity.io/images/ypmt1bmc/production/d55437684ffb914416fa5fc76881dd58c5fd360f-1920x1080.jpg?w=1200&auto=format
Low,Content Image (Sanity),1,647d31f16f6f5259ca7891f4adc4794a43ca6871-784x434.jpg,,Add alt text in Sanity,https://cdn.sanity.io/images/ypmt1bmc/production/647d31f16f6f5259ca7891f4adc4794a43ca6871-784x434.jpg?w=1200&auto=format
Low,Content Image (Sanity),1,bcc861658ae8535f1061905a680c999c3bc71268-1920x1080.jpg,,Add alt text in Sanity,https://cdn.sanity.io/images/ypmt1bmc/production/bcc861658ae8535f1061905a680c999c3bc71268-1920x1080.jpg?w=1200&auto=format
Low,Content Image (Sanity),1,87d2d282ade97349f93d30dd9ca3e38ffdfe01ed-1920x1080.jpg,,Add alt text in Sanity,https://cdn.sanity.io/images/ypmt1bmc/production/87d2d282ade97349f93d30dd9ca3e38ffdfe01ed-1920x1080.jpg?w=1200&auto=format
