Page Type,Language,URL,Meta Title,Meta Description
"Country Overview","EN","https://www.rapturecamps.com/surfcamp/bali","Award Winning Surf Camp Bali 20+ Years in Business · Rapture","Learn to surf in one week at Bali's most trusted surf camp. 20+ years, 85k+ happy guests, 100+ 5-star reviews. Certified instructors, yoga & Uluwatu waves."
"Country Overview","EN","https://www.rapturecamps.com/surfcamp/costa-rica","Surf Camp Costa Rica Playa Avellanas, Guanacaste · Rapture","Learn to surf in one week at our jungle camp in Playa Avellanas, 20 min from Tamarindo. Certified instructors, 27C water year-round, flexible packages & free cancellation."
"Country Overview","EN","https://www.rapturecamps.com/surfcamp/portugal","Top-Rated Surf Camps in Portugal: Ericeira & Milfontes · Rapture","Surf Europe's only World Surfing Reserve in Ericeira or discover Alentejo's empty beaches in Milfontes. Certified instructors, 100+ 5-star reviews. Flexible packages available."
"Country Overview","DE","https://www.rapturecamps.com/de/surfcamp/bali","Ausgezeichnetes Surfcamp Bali 20+ Jahre Erfahrung · Rapture","In nur einer Woche Surfen lernen im vertrauenswürdigsten Surfcamp Balis. Über 20 Jahre, 85.000+ glückliche Gäste, 100+ 5-Sterne-Bewertungen. Zertifizierte Surflehrer, Yoga & Wellen in Uluwatu."
"Country Overview","DE","https://www.rapturecamps.com/de/surfcamp/costa-rica","Surfcamp Costa Rica Playa Avellanas, Guanacaste · Rapture","Lerne in einer Woche Surfen in unserem Dschungelcamp in Playa Avellanas, 20 Min. von Tamarindo. Zertifizierte Lehrer, 27°C warmes Wasser das ganze Jahr, flexible Pakete & kostenlose Stornierung."
"Country Overview","DE","https://www.rapturecamps.com/de/surfcamp/portugal","Top-bewertete Surfcamps in Portugal: Ericeira & Milfontes · Rapture","Surfe in Europas einzigem World Surfing Reserve in Ericeira oder entdecke die leeren Strände des Alentejo in Milfontes. Zertifizierte Surflehrer, über 100 5-Sterne-Bewertungen. Flexible Pakete verfügbar."
"Camp Overview","EN","https://www.rapturecamps.com/surfcamp/null/undefined","Green Bowl Surf Camp Bali: Cliffside Oceanview · Rapture","Cliffside surf camp with infinity pool overlooking the Indian Ocean. Learn to surf in one week with certified instructors. World-class Bukit Peninsula waves 2 min from camp. "
"Camp Overview","EN","https://www.rapturecamps.com/surfcamp/null/undefined","Surfcamp Padang Padang Bali: Legendary Waves · Rapture","Stay at the legendary Padang Padang on Bali's Bukit Peninsula. 100+ 5-star reviews, certified instructors, flexible packages. Villas, bungalows, pool & daily yoga."
"Camp Overview","EN","https://www.rapturecamps.com/surfcamp/null/undefined","Playa Avellanas Surf Camp Costa Rica · Rapture","Modern jungle surf camp in Playa Avellanas, 10 min from the beach & 20 from Tamarindo. 85k+ happy guests, 100+ 5-star reviews. Pool, gym, yoga & Pura Vida vibes."
"Camp Overview","EN","https://www.rapturecamps.com/surfcamp/null/undefined","Coxos Surf Villa Ericeira: Luxury Surf Retreat · Rapture","High-end surf villa overlooking Coxos beach, Portugal's best right-hand point break. Infinity pool, up to 8 guests. 100+ 5-star reviews & flexible packages."
"Camp Overview","EN","https://www.rapturecamps.com/surfcamp/null/undefined","Award-Winning Surf Camp Ericeira: Europe's Surf Reserve · Rapture","Beachfront surf camp in Ericeira, Europe's only World Surfing Reserve. 20+ years of experience, 100+ 5-star reviews. Learn to surf in one week. Waves steps from your door."
"Camp Overview","EN","https://www.rapturecamps.com/surfcamp/null/undefined","Eco Surf Camp Milfontes, Alentejo · Rapture","Eco-friendly surf camp in the Alentejo Natural Park. Learn to surf in one week on empty beaches with certified instructors. Flexible packages & free cancellation."
"Camp Overview","DE","https://www.rapturecamps.com/de/surfcamp/null/undefined","Surfcamp Playa Avellanas, Costa Rica · Rapture","Modernes Dschungel-Surfcamp in Playa Avellanas, 10 Min. vom Strand & 20 Min. von Tamarindo. 85.000+ zufriedene Gäste, tägliche Surfstunden, alle Levels. Flexible Stornierung."
"Camp Overview","DE","https://www.rapturecamps.com/de/surfcamp/null/undefined","Padang Padang Surf Camp Bali: Legendäre Wellen · Rapture","Übernachte im legendären Padang Padang auf Balis Bukit-Halbinsel. Über 100 5-Sterne-Bewertungen, zertifizierte Surflehrer, flexible Pakete. Villen, Bungalows, Pool & tägliches Yoga."
"Camp Overview","DE","https://www.rapturecamps.com/de/surfcamp/null/undefined","Preisgekröntes Surfcamp in Ericeira: Europas Surfreservat · Rapture","Surf Camp direkt am Strand in Ericeira, Europas einzigem World Surfing Reserve. Über 20 Jahre Erfahrung, mehr als 100 5-Sterne-Bewertungen. Lerne surfen in nur einer Woche. Wellen direkt vor deiner Haustür."
"Camp Overview","DE","https://www.rapturecamps.com/de/surfcamp/null/undefined","Eco Surfcamp Milfontes, Alentejo · Rapture","Umweltfreundliches Surfcamp im Alentejo Naturpark. Surfen lernen in einer Woche an leeren Stränden mit zertifizierten Coaches. Ab 45 EUR/Nacht inklusive Mahlzeiten."
"Camp Overview","DE","https://www.rapturecamps.com/de/surfcamp/null/undefined","Green Bowl Surfcamp Bali: Clifftop Meerblick · Rapture","Clifftop Surfcamp mit Infinity Pool über dem Indischen Ozean. In einer Woche Surfen lernen mit zertifizierten Surflehrer. Weltklasse Bukit Peninsula Wellen 2 Min vom Camp."
"Camp Overview","DE","https://www.rapturecamps.com/de/surfcamp/null/undefined","Coxos Surf Villa Ericeira: Premium Surf Retreat · Rapture","Hochwertige Surf Villa mit Blick auf den Coxos Beach, Portugals besten Right-Hand Pointbreak. Infinity Pool, zertifizierte Coaches, Videoanalyse. Exklusive Surf-Erfahrung."
"Camp Surf","EN","https://www.rapturecamps.com/surfcamp/bali/green-bowl/surf","Surf Lessons in Green Bowl Bali: All Levels · Rapture","Surf lessons for beginners to advanced at Green Bowl, Bali. Certified instructors, video analysis & uncrowded breaks near Uluwatu, Padang Padang & Dreamland."
"Camp Surf","EN","https://www.rapturecamps.com/surfcamp/bali/padang-padang/surf","Surf Lessons Padang Padang, Bali: All Levels · Rapture","Learn to surf in one week at Padang Padang on Bali's Bukit Peninsula. Certified instructors for all levels. Reef and beach breaks within minutes of camp."
"Camp Surf","EN","https://www.rapturecamps.com/surfcamp/costa-rica/avellanas/surf","Surf Lessons Playa Avellanas, Costa Rica · Rapture","Learn to surf in one week in warm 27C water at Playa Avellanas. Certified instructors, all levels, and easy access to Langosta, Playa Grande & Playa Negra."
"Camp Surf","EN","https://www.rapturecamps.com/surfcamp/portugal/alentejo-milfontes/surf","Surf Lessons Milfontes, Alentejo: Empty Beaches · Rapture","Learn to surf on Alentejo's uncrowded beaches with certified instructors. Mellow waves ideal for beginners, flexible packages & free cancellation."
"Camp Surf","EN","https://www.rapturecamps.com/surfcamp/portugal/ericeira-coxos-surf-villa/surf","Surf Lessons Ericeira – Learn to Surf with Us · Rapture","Learn to surf in Ericeira with our certified instructors. Daily surf lessons at beginner-friendly beaches like Foz do Lizandro while staying at our surf villa near Coxos."
"Camp Surf","EN","https://www.rapturecamps.com/surfcamp/portugal/ericeira-lizandro/surf","Surf School Ericeira: Europe's World Surfing Reserve · Rapture","Surf School at Foz do Lizandro in Ericeira, Europe's only World Surfing Reserve. Certified EU-licensed instructors, all levels, video analysis & theory classes."
"Camp Surf","DE","https://www.rapturecamps.com/de/surfcamp/bali/green-bowl/surf","Surfunterricht in Green Bowl Bali: Alle Levels · Rapture","Surfunterricht für Anfänger bis Erfahrene in Green Bowl, Bali. Zertifizierte Surflehrer, Videoanalyse & ruhige Surfspots nahe Uluwatu, Padang Padang & Dreamland."
"Camp Surf","DE","https://www.rapturecamps.com/de/surfcamp/bali/padang-padang/surf","Surfkurs Padang Padang, Bali: Für alle Levels · Rapture","Surfkurs auf Bali in Padang Padang: Surfen lernen mit zertifizierten Coaches. Spots für alle Levels direkt auf der Bukit-Halbinsel."
"Camp Surf","DE","https://www.rapturecamps.com/de/surfcamp/costa-rica/avellanas/surf","Surfkurs Playa Avellanas, Costa Rica · Rapture","Surfen lernen in einer Woche im 27°C warmen Wasser von Playa Avellanas. Zertifizierte Surflehrer, alle Levels, tägliche Sessions. Surfboard & Equipment inklusive."
"Camp Surf","DE","https://www.rapturecamps.com/de/surfcamp/portugal/alentejo-milfontes/surf","Surfkurs Milfontes, Alentejo: Leere Strände · Rapture","Surfen lernen an Alentejos menschenleeren Stränden mit zertifizierten Surflehrern. Sanfte Wellen ideal für Anfänger, Videoanalyse und kleine Gruppen inklusive."
"Camp Surf","DE","https://www.rapturecamps.com/de/surfcamp/portugal/ericeira-coxos-surf-villa/surf","Surfstunden in Ericeira – Lerne Surfen mit uns · Rapture","Lerne Surfen in Ericeira mit unseren zertifizierten Surflehrern. Tägliche Surfkurse an anfängerfreundlichen Stränden wie Foz do Lizandro, während du in unserer Surf Villa in der Nähe von Coxos übernachtest."
"Camp Surf","DE","https://www.rapturecamps.com/de/surfcamp/portugal/ericeira-lizandro/surf","Surfschule Ericeira – Surfen lernen in Europas Surf-Hauptstadt · Rapture","Entdecke die Surfschule Ericeira in Portugals Surf-Hauptstadt. Lerne Surfen mit erfahrenen Lehrern, genieße perfekte Wellen, kleine Gruppen und individuelle Betreuung in Europas einzigem World Surfing Reserve."
"Camp Rooms","EN","https://www.rapturecamps.com/surfcamp/bali/green-bowl/rooms","Cliffside Bungalows & Suites in Bali: Green Bowl · Rapture","Balinese bungalows, modern dorms & luxury suites at our cliffside surf camp. Infinity pool, A/C, breakfast & dinner included. Flexible packages from 45EUR/night."
"Camp Rooms","EN","https://www.rapturecamps.com/surfcamp/bali/padang-padang/rooms","Surf Villas & Dorms at Padang Padang, Bali · Rapture","Private villas, bungalows & shared dorms surrounded by Balinese gardens. Pool, A/C, breakfast & dinner included. 100+ 5-star reviews. Flexible cancellation."
"Camp Rooms","EN","https://www.rapturecamps.com/surfcamp/costa-rica/avellanas/rooms","Surf Camp Rooms in Playa Avellanas, Costa Rica · Rapture","Freshly renovated rooms in our jungle surf camp. Private balcony suites or shared dorms, A/C, pool, gym. Breakfast & dinner included. Flexible cancellation."
"Camp Rooms","EN","https://www.rapturecamps.com/surfcamp/portugal/alentejo-milfontes/rooms","Eco Farmstay for Surfers in Milfontes, Alentejo · Rapture","Eco-friendly rooms on a small farm in the Alentejo Natural Park. Breakfast & dinner included, ocean nearby. Flexible packages & free cancellation."
"Camp Rooms","EN","https://www.rapturecamps.com/surfcamp/portugal/ericeira-coxos-surf-villa/rooms","Luxury Surf Villa Overlooking Coxos, Ericeira · Rapture","Luxury rooms in our oceanfront villa overlooking Coxos beach. Private & shared options for up to 8 guests. Infinity pool, breakfast & dinner included."
"Camp Rooms","EN","https://www.rapturecamps.com/surfcamp/portugal/ericeira-lizandro/rooms","Where to Stay in Ericeira for Surfing · Rapture","Beachfront rooms at Foz do Lizandro, Ericeira. Private & shared options, rooftop terrace, breakfast & dinner included. Flexible packages & free cancellation."
"Camp Rooms","DE","https://www.rapturecamps.com/de/surfcamp/bali/green-bowl/rooms","Cliffside Bungalows & Suiten auf Bali: Green Bowl · Rapture","Balinesische Bungalows, moderne Schlafsäle und luxuriöse Suiten in unserem Surfcamp an der Steilküste. Infinity-Pool, A/C, Frühstück & Abendessen inklusive. Flexible Pakete ab 45 EUR/Nacht."
"Camp Rooms","DE","https://www.rapturecamps.com/de/surfcamp/bali/padang-padang/rooms","Surf-Villen & Dorms in Padang Padang, Bali · Rapture","Private Villen, Bungalows & Mehrbettzimmer, umgeben von balinesischen Gärten. Pool, Klimaanlage, Frühstück & Abendessen inklusive. Über 100 5-Sterne-Bewertungen. Flexible Stornierung."
"Camp Rooms","DE","https://www.rapturecamps.com/de/surfcamp/costa-rica/avellanas/rooms","Surfcamp-Zimmer in Playa Avellanas, Costa Rica · Rapture","Frisch renovierte Zimmer in unserem Dschungel-Surfcamp. Private Balkonsuiten oder geteilte Schlafsäle, Klimaanlage, Pool, Fitness. Frühstück & Abendessen inklusive. Flexible Stornierung."
"Camp Rooms","DE","https://www.rapturecamps.com/de/surfcamp/portugal/alentejo-milfontes/rooms","Eco-Farmstay für Surfer in Milfontes, Alentejo · Rapture","Umweltfreundliche Zimmer auf einer kleinen Farm im Alentejo Naturpark. Frühstück & Abendessen inklusive, Meer in der Nähe. Flexible Pakete & kostenlose Stornierung."
"Camp Rooms","DE","https://www.rapturecamps.com/de/surfcamp/portugal/ericeira-coxos-surf-villa/rooms","Luxus Surf Villa mit Blick auf Coxos, Ericeira · Rapture","Luxus-Zimmer in unserer Villa direkt am Meer mit Blick auf den Strand von Coxos. Private & gemeinsame Optionen für bis zu 8 Gäste. Infinity-Pool, Frühstück & Abendessen inklusive."
"Camp Rooms","DE","https://www.rapturecamps.com/de/surfcamp/portugal/ericeira-lizandro/rooms","Wo man in Ericeira für Surfen übernachtet · Rapture","Zimmer direkt am Strand von Foz do Lizandro, Ericeira. Private & geteilte Optionen, Dachterrasse, Frühstück & Abendessen inklusive. Flexible Pakete & kostenlose Stornierung."
"Camp Food","EN","https://www.rapturecamps.com/surfcamp/bali/green-bowl/food","Food & Dining at Green Bowl, Bali · Rapture","Wake up to banana pancakes with coconut and honey, then refuel after surfing with fragrant Balinese fish curries. 3-course breakfast & dinner included. All diets welcome."
"Camp Food","EN","https://www.rapturecamps.com/surfcamp/bali/padang-padang/food","Food & Dining at Padang Padang, Bali · Rapture","Local chefs Sunny and Made bring Balinese flavors to every meal. Fresh tropical breakfasts, homemade dinners & weekend BBQ nights under the palms. All diets welcome."
"Camp Food","EN","https://www.rapturecamps.com/surfcamp/costa-rica/avellanas/food","Food & Dining at Playa Avellanas, Costa Rica · Rapture","Tropical breakfasts, freshly prepared dinners & cold drinks from our full bar after a day in the waves. Locally-sourced jungle kitchen vibes. All diets welcome."
"Camp Food","EN","https://www.rapturecamps.com/surfcamp/portugal/alentejo-milfontes/food","Farm-to-Table Dining at Milfontes Eco Camp · Rapture","Meals straight from our organic garden to your plate. Portuguese cooking workshops, locally-sourced ingredients & the Alentejo slow-food tradition. Breakfast & dinner included."
"Camp Food","EN","https://www.rapturecamps.com/surfcamp/portugal/ericeira-coxos-surf-villa/food","Food & Dining at Coxos Surf Villa, Ericeira · Rapture","Start your morning with breakfast overlooking the Atlantic, then wind down with weekday dinners made from fresh Portuguese ingredients. Intimate villa dining for up to 10 guests."
"Camp Food","EN","https://www.rapturecamps.com/surfcamp/portugal/ericeira-lizandro/food","Food & Dining at Ericeira Surf Camp, Portugal · Rapture","Chef Mikey's legendary dinners are a camp highlight. Fresh Portuguese seafood, hearty post-surf meals & ocean-view breakfasts at Foz do Lizandro. All diets welcome."
"Camp Food","DE","https://www.rapturecamps.com/de/surfcamp/bali/green-bowl/food","Essen & Trinken im Green Bowl, Bali · Rapture","Wach auf mit Bananenpfannkuchen, Kokosnuss und Honig und tanke nach dem Surfen neue Energie mit duftenden balinesischen Fischcurrys. 3-Gänge-Frühstück und Abendessen inklusive. Alle Ernährungsweisen willkommen."
"Camp Food","DE","https://www.rapturecamps.com/de/surfcamp/bali/padang-padang/food","Essen & Gastronomie in Padang Padang, Bali · Rapture","Die lokalen Köche Sunny und Made bringen balinesische Aromen in jede Mahlzeit. Frische tropische Frühstücke, hausgemachte Abendessen und Grillabende unter Palmen an den Wochenenden. Alle Diätanforderungen willkommen."
"Camp Food","DE","https://www.rapturecamps.com/de/surfcamp/costa-rica/avellanas/food","Essen & Verpflegung in Playa Avellanas, Costa Rica · Rapture","Tropische Frühstücke, frisch zubereitete Abendessen & kühle Drinks aus unserer gut bestückten Bar nach einem Tag im Meer. Uriges Dschungel-Küchen-Flair. Alle Diäten willkommen."
"Camp Food","DE","https://www.rapturecamps.com/de/surfcamp/portugal/alentejo-milfontes/food","Farm-to-Table Dining im Milfontes Eco Camp · Rapture","Mahlzeiten direkt vom Bio-Garten auf deinen Teller. Portugiesische Kochworkshops, regionale Zutaten & die Alentejo Slow-Food-Tradition. Frühstück & Abendessen inklusive."
"Camp Food","DE","https://www.rapturecamps.com/de/surfcamp/portugal/ericeira-coxos-surf-villa/food","Essen & Dining in der Coxos Surf Villa, Ericeira · Rapture","Beginne deinen Morgen mit einem Frühstück über dem Atlantik und genieße Abende mit frischem portugiesischem Essen. Eine intime Villen-Dining-Erfahrung für bis zu 10 Gäste."
"Camp Food","DE","https://www.rapturecamps.com/de/surfcamp/portugal/ericeira-lizandro/food","Essen & Speisen im Surf Camp Ericeira, Portugal · Rapture","Das legendäre Abendessen von Chef Mikey ist ein echtes Highlight im Camp. Frische portugiesische Meeresfrüchte, herzhafte Post-Surf-Mahlzeiten & Frühstück mit Meerblick in Foz do Lizandro. Alle Diäten willkommen."